timestamp,device_id,device_name,cycle,vibration,temperature,current,voltage,rpm,health,stage,label,fault_type
2026-01-01T08:00:00,MOTOR-001,主电机,0,1.688,55.02,81.46,381.34,1476.9,1.0,正常运行,normal,
2026-01-01T09:00:00,MOTOR-001,主电机,6,1.486,55.81,79.05,381.19,1478.9,0.9951,正常运行,normal,
2026-01-01T10:00:00,MOTOR-001,主电机,12,1.668,55.92,80.04,375.71,1480.2,1.0,正常运行,normal,
2026-01-01T11:00:00,MOTOR-001,主电机,18,1.448,56.56,76.92,379.87,1487.3,1.0,正常运行,normal,
2026-01-01T12:00:00,MOTOR-001,主电机,24,1.576,58.0,81.01,384.81,1476.2,0.9981,正常运行,normal,
2026-01-01T13:00:00,MOTOR-001,主电机,30,1.5,57.27,77.9,382.72,1484.7,1.0,正常运行,normal,
2026-01-01T14:00:00,MOTOR-001,主电机,36,1.581,58.15,77.03,382.81,1481.9,0.9936,正常运行,normal,
2026-01-01T15:00:00,MOTOR-001,主电机,42,1.498,57.61,80.03,381.74,1477.3,0.979,正常运行,normal,
2026-01-01T16:00:00,MOTOR-001,主电机,48,1.488,58.3,72.95,377.42,1476.5,1.0,正常运行,normal,
2026-01-01T17:00:00,MOTOR-001,主电机,54,1.433,56.02,71.45,377.27,1480.0,0.9777,正常运行,normal,
2026-01-01T18:00:00,MOTOR-001,主电机,60,1.492,56.63,71.48,380.66,1485.8,0.9954,正常运行,normal,
2026-01-01T19:00:00,MOTOR-001,主电机,66,1.355,54.21,71.71,381.73,1481.1,0.9895,正常运行,normal,
2026-01-01T20:00:00,MOTOR-001,主电机,72,1.36,54.17,70.91,376.39,1489.2,0.9939,正常运行,normal,
2026-01-01T21:00:00,MOTOR-001,主电机,78,1.453,54.7,70.1,381.19,1484.4,1.0,正常运行,normal,
2026-01-01T22:00:00,MOTOR-001,主电机,84,1.353,52.99,72.94,381.66,1481.9,0.9865,正常运行,normal,
2026-01-01T23:00:00,MOTOR-001,主电机,90,1.471,52.82,75.7,383.73,1484.9,1.0,正常运行,normal,
2026-01-02T00:00:00,MOTOR-001,主电机,96,1.489,52.52,77.21,385.29,1481.9,0.9764,正常运行,normal,
2026-01-02T01:00:00,MOTOR-001,主电机,102,1.441,52.55,77.46,379.58,1475.9,0.9816,正常运行,normal,
2026-01-02T02:00:00,MOTOR-001,主电机,108,1.507,51.37,79.91,378.23,1472.1,0.9928,正常运行,normal,
2026-01-02T03:00:00,MOTOR-001,主电机,114,1.471,53.21,76.05,381.47,1479.6,0.9891,正常运行,normal,
2026-01-02T04:00:00,MOTOR-001,主电机,120,1.392,53.03,71.87,384.17,1484.9,0.9719,正常运行,normal,
2026-01-02T05:00:00,MOTOR-001,主电机,126,1.538,53.4,85.28,379.83,1473.0,0.9796,正常运行,normal,
2026-01-02T06:00:00,MOTOR-001,主电机,132,1.816,54.0,89.67,380.31,1476.4,0.9798,正常运行,normal,
2026-01-02T07:00:00,MOTOR-001,主电机,138,1.884,55.02,94.68,382.25,1481.3,0.9836,正常运行,normal,
2026-01-02T08:00:00,MOTOR-001,主电机,144,1.607,55.91,86.49,378.29,1479.6,0.9703,正常运行,normal,
2026-01-02T09:00:00,MOTOR-001,主电机,150,1.623,55.11,89.53,379.43,1479.0,0.9729,正常运行,normal,
2026-01-02T10:00:00,MOTOR-001,主电机,156,1.947,57.29,91.5,385.7,1478.8,0.9748,正常运行,normal,
2026-01-02T11:00:00,MOTOR-001,主电机,162,1.728,58.47,91.5,373.93,1476.2,0.9605,正常运行,normal,
2026-01-02T12:00:00,MOTOR-001,主电机,168,1.836,58.72,95.29,373.12,1478.5,0.9686,正常运行,normal,
2026-01-02T13:00:00,MOTOR-001,主电机,174,1.773,59.16,95.51,381.69,1474.6,0.9514,正常运行,normal,
2026-01-02T14:00:00,MOTOR-001,主电机,180,1.811,57.9,87.83,375.75,1474.8,0.9663,正常运行,normal,
2026-01-02T15:00:00,MOTOR-001,主电机,186,1.598,59.68,89.34,379.74,1473.2,0.9706,正常运行,normal,
2026-01-02T16:00:00,MOTOR-001,主电机,192,1.759,59.24,89.64,380.88,1476.3,0.9492,正常运行,normal,
2026-01-02T17:00:00,MOTOR-001,主电机,198,1.761,58.2,85.07,381.3,1483.0,0.9395,正常运行,normal,
2026-01-02T18:00:00,MOTOR-001,主电机,204,1.827,58.47,92.59,387.58,1482.8,0.9528,正常运行,normal,
2026-01-02T19:00:00,MOTOR-001,主电机,210,1.809,57.54,87.98,378.46,1473.2,0.9428,正常运行,normal,
2026-01-02T20:00:00,MOTOR-001,主电机,216,1.855,55.97,94.85,382.7,1476.9,0.9419,正常运行,normal,
2026-01-02T21:00:00,MOTOR-001,主电机,222,1.845,55.08,93.74,372.16,1479.8,0.9418,正常运行,normal,
2026-01-02T22:00:00,MOTOR-001,主电机,228,1.919,55.76,94.62,378.26,1469.6,0.9258,正常运行,normal,
2026-01-02T23:00:00,MOTOR-001,主电机,234,1.884,54.7,91.53,385.56,1483.0,0.937,正常运行,normal,
2026-01-03T00:00:00,MOTOR-001,主电机,240,1.627,54.08,91.37,377.61,1474.5,0.945,正常运行,normal,
2026-01-03T01:00:00,MOTOR-001,主电机,246,2.066,53.55,96.37,382.21,1460.8,0.9278,正常运行,normal,
2026-01-03T02:00:00,MOTOR-001,主电机,252,1.757,52.8,90.78,381.24,1472.5,0.9298,正常运行,normal,
2026-01-03T03:00:00,MOTOR-001,主电机,258,1.865,53.56,91.1,384.81,1466.5,0.9246,正常运行,normal,
2026-01-03T04:00:00,MOTOR-001,主电机,264,1.817,54.33,93.51,381.34,1486.9,0.9298,正常运行,normal,
2026-01-03T05:00:00,MOTOR-001,主电机,270,2.073,55.28,94.49,375.13,1473.7,0.9207,正常运行,normal,
2026-01-03T06:00:00,MOTOR-001,主电机,276,1.824,55.92,87.58,389.98,1476.0,0.9242,正常运行,normal,
2026-01-03T07:00:00,MOTOR-001,主电机,282,1.636,55.37,84.34,377.01,1472.7,0.9059,正常运行,normal,
2026-01-03T08:00:00,MOTOR-001,主电机,288,1.5,55.8,87.54,381.14,1475.4,0.9194,正常运行,normal,
2026-01-03T09:00:00,MOTOR-001,主电机,294,1.714,56.74,90.35,377.98,1468.4,0.9215,正常运行,normal,
2026-01-03T10:00:00,MOTOR-001,主电机,300,1.814,57.71,90.57,379.4,1468.8,0.9027,正常运行,normal,
2026-01-03T11:00:00,MOTOR-001,主电机,306,1.815,59.18,92.91,374.99,1468.6,0.9023,正常运行,normal,
2026-01-03T12:00:00,MOTOR-001,主电机,312,1.861,59.98,90.98,381.33,1475.1,0.8968,正常运行,normal,
2026-01-03T13:00:00,MOTOR-001,主电机,318,1.762,60.11,91.94,378.67,1466.3,0.8946,正常运行,normal,
2026-01-03T14:00:00,MOTOR-001,主电机,324,1.92,60.36,94.56,382.94,1471.1,0.8928,正常运行,normal,
2026-01-03T15:00:00,MOTOR-001,主电机,330,1.664,60.53,94.61,378.04,1466.1,0.8865,正常运行,normal,
2026-01-03T16:00:00,MOTOR-001,主电机,336,1.955,59.36,96.72,379.77,1472.5,0.8975,正常运行,normal,
2026-01-03T17:00:00,MOTOR-001,主电机,342,1.962,58.76,92.21,373.79,1467.7,0.8871,正常运行,normal,
2026-01-03T18:00:00,MOTOR-001,主电机,348,1.928,58.61,95.13,378.69,1472.4,0.8821,正常运行,normal,
2026-01-03T19:00:00,MOTOR-001,主电机,354,1.751,57.96,92.39,385.31,1468.8,0.8784,正常运行,normal,
2026-01-03T20:00:00,MOTOR-001,主电机,360,1.793,58.03,94.88,378.67,1470.4,0.8732,正常运行,normal,
2026-01-03T21:00:00,MOTOR-001,主电机,366,1.821,56.41,90.03,376.69,1468.8,0.8633,正常运行,normal,
2026-01-03T22:00:00,MOTOR-001,主电机,372,1.818,55.96,88.05,378.81,1468.7,0.8742,正常运行,normal,
2026-01-03T23:00:00,MOTOR-001,主电机,378,1.854,55.93,88.82,375.89,1466.9,0.8722,正常运行,normal,
2026-01-04T00:00:00,MOTOR-001,主电机,384,1.808,54.78,84.58,383.38,1463.6,0.8552,正常运行,normal,
2026-01-04T01:00:00,MOTOR-001,主电机,390,1.634,53.42,81.59,372.52,1476.8,0.8672,正常运行,normal,
2026-01-04T02:00:00,MOTOR-001,主电机,396,1.967,54.88,88.48,379.77,1469.5,0.8477,正常运行,normal,
2026-01-04T03:00:00,MOTOR-001,主电机,402,1.986,54.21,91.8,377.99,1473.1,0.8488,正常运行,normal,
2026-01-04T04:00:00,MOTOR-001,主电机,408,2.04,55.74,87.7,372.81,1456.6,0.8416,正常运行,normal,
2026-01-04T05:00:00,MOTOR-001,主电机,414,1.669,55.72,81.85,381.07,1470.5,0.845,正常运行,normal,
2026-01-04T06:00:00,MOTOR-001,主电机,420,1.943,56.28,88.19,377.94,1470.5,0.8346,正常运行,normal,
2026-01-04T07:00:00,MOTOR-001,主电机,426,1.916,56.2,88.97,377.94,1458.4,0.8347,正常运行,normal,
2026-01-04T08:00:00,MOTOR-001,主电机,432,1.95,58.97,93.87,380.0,1467.7,0.8309,正常运行,normal,
2026-01-04T09:00:00,MOTOR-001,主电机,438,1.937,59.1,86.44,384.54,1460.8,0.8233,正常运行,normal,
2026-01-04T10:00:00,MOTOR-001,主电机,444,1.81,60.23,86.02,382.22,1462.9,0.8248,正常运行,normal,
2026-01-04T11:00:00,MOTOR-001,主电机,450,1.989,59.8,87.77,379.77,1458.1,0.8184,正常运行,normal,
2026-01-04T12:00:00,MOTOR-001,主电机,456,1.81,60.68,86.6,381.89,1469.5,0.8138,正常运行,normal,
2026-01-04T13:00:00,MOTOR-001,主电机,462,1.692,61.66,72.98,381.94,1458.3,0.8091,正常运行,normal,
2026-01-04T14:00:00,MOTOR-001,主电机,468,1.67,61.72,76.11,380.77,1469.8,0.801,正常运行,normal,
2026-01-04T15:00:00,MOTOR-001,主电机,474,1.672,59.94,73.26,380.47,1468.8,0.8024,正常运行,normal,
2026-01-04T16:00:00,MOTOR-001,主电机,480,1.446,60.31,72.21,381.73,1468.3,0.8102,正常运行,normal,
2026-01-04T17:00:00,MOTOR-001,主电机,486,1.721,61.29,74.87,382.26,1473.3,0.8026,正常运行,normal,
2026-01-04T18:00:00,MOTOR-001,主电机,492,1.637,59.73,72.58,380.73,1462.8,0.7894,轻度衰退,warning,
2026-01-04T19:00:00,MOTOR-001,主电机,498,1.549,59.39,75.36,379.22,1456.3,0.7856,轻度衰退,warning,
2026-01-04T20:00:00,MOTOR-001,主电机,504,1.881,58.42,76.5,382.02,1468.4,0.7877,轻度衰退,warning,
2026-01-04T21:00:00,MOTOR-001,主电机,510,1.809,58.18,71.15,389.66,1452.2,0.7749,轻度衰退,warning,
2026-01-04T22:00:00,MOTOR-001,主电机,516,1.72,58.03,75.2,376.83,1462.0,0.7753,轻度衰退,warning,
2026-01-04T23:00:00,MOTOR-001,主电机,522,1.78,57.39,72.13,384.56,1450.8,0.7611,轻度衰退,warning,
2026-01-05T00:00:00,MOTOR-001,主电机,528,1.847,55.45,77.1,377.09,1457.3,0.7747,轻度衰退,warning,
2026-01-05T01:00:00,MOTOR-001,主电机,534,1.82,56.61,77.57,378.67,1458.5,0.7527,轻度衰退,warning,
2026-01-05T02:00:00,MOTOR-001,主电机,540,1.782,56.48,71.29,374.44,1474.4,0.7652,轻度衰退,warning,
2026-01-05T03:00:00,MOTOR-001,主电机,546,1.771,56.74,75.39,376.32,1467.1,0.7606,轻度衰退,warning,
2026-01-05T04:00:00,MOTOR-001,主电机,552,1.934,56.9,83.03,375.6,1459.1,0.7701,轻度衰退,warning,
2026-01-05T05:00:00,MOTOR-001,主电机,558,1.974,57.26,82.69,380.37,1465.8,0.7549,轻度衰退,warning,
2026-01-05T06:00:00,MOTOR-001,主电机,564,1.903,58.41,74.84,379.83,1460.8,0.7402,轻度衰退,warning,
2026-01-05T07:00:00,MOTOR-001,主电机,570,1.706,58.45,78.78,382.53,1457.6,0.744,轻度衰退,warning,
2026-01-05T08:00:00,MOTOR-001,主电机,576,1.888,60.95,80.12,378.79,1452.9,0.7268,轻度衰退,warning,
2026-01-05T09:00:00,MOTOR-001,主电机,582,1.933,59.92,76.25,376.9,1449.5,0.7321,轻度衰退,warning,
2026-01-05T10:00:00,MOTOR-001,主电机,588,1.786,62.79,80.7,383.52,1442.2,0.7255,轻度衰退,warning,
2026-01-05T11:00:00,MOTOR-001,主电机,594,1.874,61.96,74.11,376.24,1451.5,0.7365,轻度衰退,warning,
2026-01-05T12:00:00,MOTOR-001,主电机,600,1.795,62.42,73.82,377.06,1448.3,0.7252,轻度衰退,warning,
2026-01-05T13:00:00,MOTOR-001,主电机,606,2.065,62.75,78.74,377.34,1464.6,0.6977,轻度衰退,warning,
2026-01-05T14:00:00,MOTOR-001,主电机,612,1.811,62.39,72.69,370.89,1459.3,0.7202,轻度衰退,warning,
2026-01-05T15:00:00,MOTOR-001,主电机,618,1.974,62.89,76.11,375.17,1458.6,0.709,轻度衰退,warning,
2026-01-05T16:00:00,MOTOR-001,主电机,624,1.96,63.98,76.44,377.85,1449.8,0.7043,轻度衰退,warning,
2026-01-05T17:00:00,MOTOR-001,主电机,630,1.943,63.69,73.77,378.22,1463.9,0.6807,轻度衰退,warning,
2026-01-05T18:00:00,MOTOR-001,主电机,636,2.154,62.6,76.87,375.89,1452.1,0.6698,轻度衰退,warning,
2026-01-05T19:00:00,MOTOR-001,主电机,642,2.273,61.78,76.94,368.12,1454.2,0.6718,轻度衰退,warning,
2026-01-05T20:00:00,MOTOR-001,主电机,648,2.135,60.87,78.11,382.78,1462.6,0.6829,轻度衰退,warning,
2026-01-05T21:00:00,MOTOR-001,主电机,654,2.297,61.11,87.47,381.75,1450.1,0.6764,轻度衰退,warning,
2026-01-05T22:00:00,MOTOR-001,主电机,660,2.082,60.12,82.32,373.38,1462.3,0.6708,轻度衰退,warning,
2026-01-05T23:00:00,MOTOR-001,主电机,666,2.249,60.25,83.25,378.25,1447.3,0.672,轻度衰退,warning,
2026-01-06T00:00:00,MOTOR-001,主电机,672,2.159,60.54,84.27,380.03,1458.2,0.6683,轻度衰退,warning,
2026-01-06T01:00:00,MOTOR-001,主电机,678,2.304,58.98,79.74,380.2,1446.5,0.6644,轻度衰退,warning,
2026-01-06T02:00:00,MOTOR-001,主电机,684,2.558,60.48,83.53,381.89,1452.1,0.6401,轻度衰退,warning,
2026-01-06T03:00:00,MOTOR-001,主电机,690,2.537,59.86,83.41,382.82,1434.2,0.6382,轻度衰退,warning,
2026-01-06T04:00:00,MOTOR-001,主电机,696,2.424,58.69,80.27,377.87,1446.4,0.6508,轻度衰退,warning,
2026-01-06T05:00:00,MOTOR-001,主电机,702,2.405,60.5,76.08,380.55,1438.5,0.6246,轻度衰退,warning,
2026-01-06T06:00:00,MOTOR-001,主电机,708,2.469,61.4,84.34,375.62,1447.1,0.6355,轻度衰退,warning,
2026-01-06T07:00:00,MOTOR-001,主电机,714,2.368,62.23,84.91,380.71,1438.3,0.6379,轻度衰退,warning,
2026-01-06T08:00:00,MOTOR-001,主电机,720,2.091,62.43,77.69,377.37,1444.0,0.6293,轻度衰退,warning,
2026-01-06T09:00:00,MOTOR-001,主电机,726,2.49,64.34,80.98,376.03,1437.1,0.6128,轻度衰退,warning,
2026-01-06T10:00:00,MOTOR-001,主电机,732,2.322,65.13,80.53,377.01,1445.4,0.6053,轻度衰退,warning,
2026-01-06T11:00:00,MOTOR-001,主电机,738,2.923,65.77,78.99,382.93,1434.9,0.5985,明显退化,fault,轴承磨损
2026-01-06T12:00:00,MOTOR-001,主电机,744,2.565,67.72,88.61,379.45,1460.2,0.6,轻度衰退,warning,
2026-01-06T13:00:00,MOTOR-001,主电机,750,3.816,67.62,83.94,377.35,1437.8,0.5918,明显退化,fault,轴承磨损
2026-01-06T14:00:00,MOTOR-001,主电机,756,4.801,67.28,91.11,375.77,1449.7,0.5801,明显退化,fault,轴承磨损
2026-01-06T15:00:00,MOTOR-001,主电机,762,4.484,67.91,86.99,377.85,1445.6,0.5862,明显退化,fault,轴承磨损
2026-01-06T16:00:00,MOTOR-001,主电机,768,4.551,66.56,88.15,372.37,1444.3,0.5822,明显退化,fault,轴承磨损
2026-01-06T17:00:00,MOTOR-001,主电机,774,3.331,66.55,88.42,377.78,1447.1,0.588,明显退化,fault,轴承磨损
2026-01-06T18:00:00,MOTOR-001,主电机,780,3.331,65.89,82.06,383.47,1439.6,0.5743,明显退化,fault,轴承磨损
2026-01-06T19:00:00,MOTOR-001,主电机,786,3.695,65.17,86.51,378.76,1443.0,0.568,明显退化,fault,轴承磨损
2026-01-06T20:00:00,MOTOR-001,主电机,792,4.361,65.54,94.61,382.26,1434.5,0.5634,明显退化,fault,轴承磨损
2026-01-06T21:00:00,MOTOR-001,主电机,798,5.013,64.43,87.07,376.36,1446.0,0.5571,明显退化,fault,轴承磨损
2026-01-06T22:00:00,MOTOR-001,主电机,804,5.098,64.24,91.25,375.47,1440.1,0.54,明显退化,fault,轴承磨损
2026-01-06T23:00:00,MOTOR-001,主电机,810,4.903,62.89,83.05,375.09,1451.1,0.5376,明显退化,fault,轴承磨损
2026-01-07T00:00:00,MOTOR-001,主电机,816,3.862,64.31,82.76,374.57,1435.5,0.5272,明显退化,fault,轴承磨损
2026-01-07T01:00:00,MOTOR-001,主电机,822,3.161,62.47,85.97,368.37,1448.8,0.54,明显退化,fault,轴承磨损
2026-01-07T02:00:00,MOTOR-001,主电机,828,3.398,62.81,81.36,379.24,1439.5,0.5338,明显退化,fault,轴承磨损
2026-01-07T03:00:00,MOTOR-001,主电机,834,3.858,62.53,80.47,377.7,1434.5,0.5223,明显退化,fault,轴承磨损
2026-01-07T04:00:00,MOTOR-001,主电机,840,4.772,63.85,77.29,375.32,1446.2,0.5177,明显退化,fault,轴承磨损
2026-01-07T05:00:00,MOTOR-001,主电机,846,4.788,63.79,77.04,379.77,1438.5,0.5177,明显退化,fault,轴承磨损
2026-01-07T06:00:00,MOTOR-001,主电机,852,4.612,65.22,78.82,375.34,1436.7,0.5041,明显退化,fault,轴承磨损
2026-01-07T07:00:00,MOTOR-001,主电机,858,3.992,65.9,81.17,379.97,1439.7,0.5057,明显退化,fault,轴承磨损
2026-01-07T08:00:00,MOTOR-001,主电机,864,3.491,66.09,79.04,376.18,1437.0,0.4988,明显退化,fault,轴承磨损
2026-01-07T09:00:00,MOTOR-001,主电机,870,3.473,67.74,79.24,374.66,1438.2,0.4901,明显退化,fault,轴承磨损
2026-01-07T10:00:00,MOTOR-001,主电机,876,3.854,68.96,77.77,382.26,1441.0,0.4787,明显退化,fault,轴承磨损
2026-01-07T11:00:00,MOTOR-001,主电机,882,4.557,70.26,79.73,375.1,1432.5,0.4754,明显退化,fault,轴承磨损
2026-01-07T12:00:00,MOTOR-001,主电机,888,5.509,69.61,84.81,368.96,1440.8,0.4579,明显退化,fault,轴承磨损
2026-01-07T13:00:00,MOTOR-001,主电机,894,4.838,71.7,79.67,375.67,1428.0,0.4568,明显退化,fault,轴承磨损
2026-01-07T14:00:00,MOTOR-001,主电机,900,4.792,71.06,79.23,377.82,1423.2,0.46,明显退化,fault,轴承磨损
2026-01-07T15:00:00,MOTOR-001,主电机,906,4.475,70.68,82.85,384.52,1432.6,0.4607,明显退化,fault,轴承磨损
2026-01-07T16:00:00,MOTOR-001,主电机,912,3.702,70.87,78.81,373.47,1422.7,0.4588,明显退化,fault,轴承磨损
2026-01-07T17:00:00,MOTOR-001,主电机,918,4.359,77.32,84.6,378.3,1423.4,0.421,明显退化,fault,轴承磨损+绕组绝缘老化
2026-01-07T18:00:00,MOTOR-001,主电机,924,5.125,76.75,91.24,376.19,1425.8,0.4485,明显退化,fault,轴承磨损+绕组绝缘老化
2026-01-07T19:00:00,MOTOR-001,主电机,930,5.722,77.37,94.14,376.26,1416.7,0.4118,明显退化,fault,轴承磨损+绕组绝缘老化
2026-01-07T20:00:00,MOTOR-001,主电机,936,6.349,76.71,97.5,376.21,1429.6,0.4255,明显退化,fault,轴承磨损+绕组绝缘老化
2026-01-07T21:00:00,MOTOR-001,主电机,942,5.365,75.06,87.54,374.92,1431.2,0.4343,明显退化,fault,轴承磨损+绕组绝缘老化
2026-01-07T22:00:00,MOTOR-001,主电机,948,4.743,74.92,87.41,380.55,1425.6,0.409,明显退化,fault,轴承磨损+绕组绝缘老化
2026-01-07T23:00:00,MOTOR-001,主电机,954,4.526,74.92,89.1,380.84,1411.5,0.392,严重退化,fault,轴承磨损+绕组绝缘老化
2026-01-08T00:00:00,MOTOR-001,主电机,960,4.327,74.48,87.12,376.9,1424.2,0.4064,明显退化,fault,轴承磨损+绕组绝缘老化
2026-01-08T01:00:00,MOTOR-001,主电机,966,4.977,74.05,88.57,372.7,1429.2,0.391,严重退化,fault,轴承磨损+绕组绝缘老化
2026-01-08T02:00:00,MOTOR-001,主电机,972,5.968,75.23,89.44,376.3,1425.9,0.3949,严重退化,fault,轴承磨损+绕组绝缘老化
2026-01-08T03:00:00,MOTOR-001,主电机,978,7.279,75.19,97.18,378.88,1414.4,0.3845,严重退化,fault,轴承磨损+绕组绝缘老化
2026-01-08T04:00:00,MOTOR-001,主电机,984,7.04,76.67,100.01,369.91,1420.3,0.3678,严重退化,fault,轴承磨损+绕组绝缘老化
2026-01-08T05:00:00,MOTOR-001,主电机,990,6.106,77.28,99.24,375.56,1428.4,0.3657,严重退化,fault,轴承磨损+绕组绝缘老化
2026-01-08T06:00:00,MOTOR-001,主电机,996,5.087,76.68,101.63,376.79,1419.7,0.3611,严重退化,fault,轴承磨损+绕组绝缘老化
2026-01-08T07:00:00,MOTOR-001,主电机,1002,5.43,80.31,102.91,371.96,1421.3,0.34,严重退化,fault,轴承磨损+绕组绝缘老化
2026-01-08T08:00:00,MOTOR-001,主电机,1008,5.517,79.95,100.55,373.77,1429.4,0.3505,严重退化,fault,轴承磨损+绕组绝缘老化
2026-01-08T09:00:00,MOTOR-001,主电机,1014,5.707,80.75,94.49,375.25,1408.6,0.3409,严重退化,fault,轴承磨损+绕组绝缘老化
2026-01-08T10:00:00,MOTOR-001,主电机,1020,7.358,82.1,101.98,373.2,1429.1,0.3439,严重退化,fault,轴承磨损+绕组绝缘老化
2026-01-08T11:00:00,MOTOR-001,主电机,1026,8.146,83.96,104.21,373.11,1431.3,0.3377,严重退化,fault,轴承磨损+绕组绝缘老化
2026-01-08T12:00:00,MOTOR-001,主电机,1032,7.955,83.62,106.15,371.04,1413.4,0.3211,严重退化,fault,轴承磨损+绕组绝缘老化
2026-01-08T13:00:00,MOTOR-001,主电机,1038,6.34,83.61,112.6,378.62,1411.6,0.3199,严重退化,fault,轴承磨损+绕组绝缘老化
2026-01-08T14:00:00,MOTOR-001,主电机,1044,5.066,83.64,99.4,378.48,1428.7,0.3215,严重退化,fault,轴承磨损+绕组绝缘老化
2026-01-08T15:00:00,MOTOR-001,主电机,1050,6.777,85.88,102.28,374.02,1408.0,0.3037,严重退化,fault,轴承磨损+绕组绝缘老化
2026-01-08T16:00:00,MOTOR-001,主电机,1056,6.583,84.49,95.43,378.95,1414.5,0.3065,严重退化,fault,轴承磨损+绕组绝缘老化
2026-01-08T17:00:00,MOTOR-001,主电机,1062,7.763,85.23,100.38,378.07,1424.9,0.2852,严重退化,fault,轴承磨损+绕组绝缘老化
2026-01-08T18:00:00,MOTOR-001,主电机,1068,8.289,84.54,105.76,377.21,1420.5,0.2992,严重退化,fault,轴承磨损+绕组绝缘老化
2026-01-08T19:00:00,MOTOR-001,主电机,1074,7.562,84.48,96.49,374.1,1423.7,0.2783,严重退化,fault,轴承磨损+绕组绝缘老化
2026-01-08T20:00:00,MOTOR-001,主电机,1080,6.083,84.67,86.98,371.82,1422.6,0.2657,严重退化,fault,轴承磨损+绕组绝缘老化
2026-01-08T21:00:00,MOTOR-001,主电机,1086,5.365,82.91,93.56,381.46,1431.4,0.2735,严重退化,fault,轴承磨损+绕组绝缘老化
2026-01-08T22:00:00,MOTOR-001,主电机,1092,5.923,82.9,101.08,376.45,1419.9,0.2633,严重退化,fault,轴承磨损+绕组绝缘老化
2026-01-08T23:00:00,MOTOR-001,主电机,1098,7.225,82.48,105.55,375.23,1415.5,0.2597,严重退化,fault,轴承磨损+绕组绝缘老化
2026-01-09T00:00:00,MOTOR-001,主电机,1104,8.568,83.04,106.48,373.82,1404.7,0.2323,严重退化,fault,轴承磨损+绕组绝缘老化
2026-01-09T01:00:00,MOTOR-001,主电机,1110,9.893,82.94,115.67,368.02,1406.9,0.2459,严重退化,fault,轴承磨损+绕组绝缘老化
2026-01-09T02:00:00,MOTOR-001,主电机,1116,10.549,81.21,114.54,377.53,1409.1,0.2436,严重退化,fault,轴承磨损+绕组绝缘老化
2026-01-09T03:00:00,MOTOR-001,主电机,1122,9.242,83.36,123.89,371.44,1394.4,0.2197,严重退化,fault,轴承磨损+绕组绝缘老化
2026-01-09T04:00:00,MOTOR-001,主电机,1128,6.798,83.85,118.09,378.28,1410.4,0.2197,严重退化,fault,轴承磨损+绕组绝缘老化
2026-01-09T05:00:00,MOTOR-001,主电机,1134,7.462,84.86,120.64,374.02,1422.0,0.2173,严重退化,fault,轴承磨损+绕组绝缘老化
2026-01-09T06:00:00,MOTOR-001,主电机,1140,8.796,85.91,122.13,371.34,1404.7,0.2088,严重退化,fault,轴承磨损+绕组绝缘老化
2026-01-09T07:00:00,MOTOR-001,主电机,1146,10.463,87.47,118.87,380.41,1411.2,0.1863,临故障,fault,轴承磨损+绕组绝缘老化
2026-01-09T08:00:00,MOTOR-001,主电机,1152,10.515,88.8,121.1,374.34,1404.1,0.2017,严重退化,fault,轴承磨损+绕组绝缘老化
2026-01-09T09:00:00,MOTOR-001,主电机,1158,11.374,87.55,117.58,375.16,1399.2,0.1894,临故障,fault,轴承磨损+绕组绝缘老化
2026-01-09T10:00:00,MOTOR-001,主电机,1164,9.325,91.23,117.13,370.71,1410.3,0.1676,临故障,fault,轴承磨损+绕组绝缘老化
2026-01-09T11:00:00,MOTOR-001,主电机,1170,8.513,90.74,117.02,367.72,1403.2,0.1759,临故障,fault,轴承磨损+绕组绝缘老化
2026-01-09T12:00:00,MOTOR-001,主电机,1176,7.36,91.49,117.67,378.36,1411.1,0.1666,临故障,fault,轴承磨损+绕组绝缘老化
2026-01-09T13:00:00,MOTOR-001,主电机,1182,9.203,93.12,116.31,376.52,1406.4,0.1473,临故障,fault,轴承磨损+绕组绝缘老化
2026-01-09T14:00:00,MOTOR-001,主电机,1188,9.549,92.82,118.89,375.09,1403.7,0.1488,临故障,fault,轴承磨损+绕组绝缘老化
2026-01-09T15:00:00,MOTOR-001,主电机,1194,11.339,92.74,114.93,374.12,1408.6,0.1434,临故障,fault,轴承磨损+绕组绝缘老化
2026-01-09T16:00:00,MOTOR-001,主电机,1200,11.407,93.03,123.49,373.02,1396.0,0.1407,临故障,fault,轴承磨损+绕组绝缘老化
2026-01-09T17:00:00,MOTOR-001,主电机,1206,12.365,94.6,125.87,369.86,1404.5,0.1219,临故障,fault,轴承磨损+绕组绝缘老化
2026-01-09T18:00:00,MOTOR-001,主电机,1212,8.693,93.48,123.12,373.36,1406.4,0.1257,临故障,fault,轴承磨损+绕组绝缘老化
2026-01-09T19:00:00,MOTOR-001,主电机,1218,9.401,91.33,128.48,375.15,1397.1,0.1294,临故障,fault,轴承磨损+绕组绝缘老化
2026-01-09T20:00:00,MOTOR-001,主电机,1224,8.596,91.3,117.44,373.17,1400.9,0.1084,临故障,fault,轴承磨损+绕组绝缘老化
2026-01-09T21:00:00,MOTOR-001,主电机,1230,9.359,90.69,117.72,373.41,1393.1,0.1206,临故障,fault,轴承磨损+绕组绝缘老化
2026-01-09T22:00:00,MOTOR-001,主电机,1236,11.403,92.16,120.28,382.29,1404.5,0.0823,临故障,fault,轴承磨损+绕组绝缘老化
2026-01-09T23:00:00,MOTOR-001,主电机,1242,13.866,90.26,127.41,369.38,1405.9,0.091,临故障,fault,轴承磨损+绕组绝缘老化
2026-01-10T00:00:00,MOTOR-001,主电机,1248,13.8,90.84,124.15,369.62,1406.2,0.0804,临故障,fault,轴承磨损+绕组绝缘老化
2026-01-10T01:00:00,MOTOR-001,主电机,1254,10.274,90.72,120.09,373.76,1396.6,0.0789,临故障,fault,轴承磨损+绕组绝缘老化
2026-01-10T02:00:00,MOTOR-001,主电机,1260,9.429,91.16,123.17,374.46,1395.3,0.062,临故障,fault,轴承磨损+绕组绝缘老化
2026-01-10T03:00:00,MOTOR-001,主电机,1266,9.31,91.09,128.23,377.03,1399.1,0.0724,临故障,fault,轴承磨损+绕组绝缘老化
2026-01-10T04:00:00,MOTOR-001,主电机,1272,10.866,92.2,122.82,369.62,1395.9,0.0591,临故障,fault,轴承磨损+绕组绝缘老化
2026-01-10T05:00:00,MOTOR-001,主电机,1278,13.525,92.88,125.54,384.65,1392.1,0.0549,临故障,fault,轴承磨损+绕组绝缘老化
2026-01-10T06:00:00,MOTOR-001,主电机,1284,14.724,94.71,116.59,369.63,1402.2,0.0243,临故障,fault,轴承磨损+绕组绝缘老化
2026-01-10T07:00:00,MOTOR-001,主电机,1290,13.45,94.85,115.81,371.78,1385.7,0.0229,临故障,fault,轴承磨损+绕组绝缘老化
2026-01-10T08:00:00,MOTOR-001,主电机,1296,12.429,94.96,117.48,372.82,1407.4,0.0322,临故障,fault,轴承磨损+绕组绝缘老化
2026-01-10T09:00:00,MOTOR-001,主电机,1302,10.973,96.7,113.56,376.47,1387.7,0.0228,临故障,fault,轴承磨损+绕组绝缘老化
2026-01-10T10:00:00,MOTOR-001,主电机,1308,8.917,98.35,118.37,373.26,1392.8,0.0118,临故障,fault,轴承磨损+绕组绝缘老化
2026-01-10T11:00:00,MOTOR-001,主电机,1314,9.405,97.98,116.18,373.55,1390.3,0.01,临故障,fault,轴承磨损+绕组绝缘老化
2026-01-10T12:00:00,MOTOR-001,主电机,1320,10.57,98.54,102.34,374.5,1397.3,0.0,临故障,fault,轴承磨损+绕组绝缘老化
2026-01-01T08:00:00,FAN-001,离心风机,0,2.439,48.58,57.21,385.85,977.5,0.9947,正常运行,normal,
2026-01-01T09:10:00,FAN-001,离心风机,7,2.563,49.71,57.34,381.25,982.9,0.9947,正常运行,normal,
2026-01-01T10:20:00,FAN-001,离心风机,14,2.123,49.48,53.04,377.73,978.0,0.9875,正常运行,normal,
2026-01-01T11:30:00,FAN-001,离心风机,21,2.338,50.29,51.13,381.27,976.3,1.0,正常运行,normal,
2026-01-01T12:40:00,FAN-001,离心风机,28,2.044,50.21,48.48,382.16,982.1,0.9981,正常运行,normal,
2026-01-01T13:50:00,FAN-001,离心风机,35,2.222,50.14,49.4,383.56,982.3,1.0,正常运行,normal,
2026-01-01T15:00:00,FAN-001,离心风机,42,2.008,49.92,48.62,382.36,984.4,1.0,正常运行,normal,
2026-01-01T16:10:00,FAN-001,离心风机,49,2.146,48.75,48.3,380.77,980.3,0.9991,正常运行,normal,
2026-01-01T17:20:00,FAN-001,离心风机,56,1.968,49.97,50.05,383.73,981.3,0.9877,正常运行,normal,
2026-01-01T18:30:00,FAN-001,离心风机,63,2.242,48.45,49.68,377.49,976.9,0.996,正常运行,normal,
2026-01-01T19:40:00,FAN-001,离心风机,70,2.279,47.51,54.64,376.19,987.9,0.996,正常运行,normal,
2026-01-01T20:50:00,FAN-001,离心风机,77,2.456,47.63,60.51,385.25,979.3,0.994,正常运行,normal,
2026-01-01T22:00:00,FAN-001,离心风机,84,2.503,47.23,59.23,377.93,985.8,0.9903,正常运行,normal,
2026-01-01T23:10:00,FAN-001,离心风机,91,2.738,45.82,60.26,374.45,976.3,0.9935,正常运行,normal,
2026-01-02T00:20:00,FAN-001,离心风机,98,2.648,45.53,64.51,370.21,978.8,0.9772,正常运行,normal,
2026-01-02T01:30:00,FAN-001,离心风机,105,2.616,45.29,60.57,382.38,972.0,0.9848,正常运行,normal,
2026-01-02T02:40:00,FAN-001,离心风机,112,2.746,44.99,60.83,374.42,984.0,0.9902,正常运行,normal,
2026-01-02T03:50:00,FAN-001,离心风机,119,2.424,45.73,59.07,378.25,981.6,0.9915,正常运行,normal,
2026-01-02T05:00:00,FAN-001,离心风机,126,2.319,47.38,60.89,379.54,979.6,0.9787,正常运行,normal,
2026-01-02T06:10:00,FAN-001,离心风机,133,2.889,47.9,61.18,385.59,977.7,0.974,正常运行,normal,
2026-01-02T07:20:00,FAN-001,离心风机,140,2.529,47.94,60.9,380.32,961.5,0.9707,正常运行,normal,
2026-01-02T08:30:00,FAN-001,离心风机,147,2.536,48.97,60.69,375.97,976.1,0.9958,正常运行,normal,
2026-01-02T09:40:00,FAN-001,离心风机,154,2.555,48.76,60.61,376.23,985.8,0.9809,正常运行,normal,
2026-01-02T10:50:00,FAN-001,离心风机,161,2.867,51.83,63.39,378.79,980.3,0.9695,正常运行,normal,
2026-01-02T12:00:00,FAN-001,离心风机,168,2.747,50.54,64.78,374.97,964.8,0.9804,正常运行,normal,
2026-01-02T13:10:00,FAN-001,离心风机,175,2.907,50.9,65.65,379.89,975.9,0.9742,正常运行,normal,
2026-01-02T14:20:00,FAN-001,离心风机,182,2.6,51.88,66.1,376.57,984.1,0.9777,正常运行,normal,
2026-01-02T15:30:00,FAN-001,离心风机,189,2.675,53.23,65.78,377.78,982.1,0.973,正常运行,normal,
2026-01-02T16:40:00,FAN-001,离心风机,196,2.77,51.93,63.16,383.23,979.7,0.9491,正常运行,normal,
2026-01-02T17:50:00,FAN-001,离心风机,203,2.545,50.33,61.83,380.72,974.5,0.9733,正常运行,normal,
2026-01-02T19:00:00,FAN-001,离心风机,210,2.652,49.13,58.04,382.51,983.1,0.9604,正常运行,normal,
2026-01-02T20:10:00,FAN-001,离心风机,217,2.486,48.28,59.61,382.79,974.5,0.9629,正常运行,normal,
2026-01-02T21:20:00,FAN-001,离心风机,224,2.387,47.31,54.78,380.79,974.1,0.9586,正常运行,normal,
2026-01-02T22:30:00,FAN-001,离心风机,231,2.243,46.26,54.2,379.33,988.9,0.9604,正常运行,normal,
2026-01-02T23:40:00,FAN-001,离心风机,238,2.279,45.24,55.03,378.2,983.8,0.9595,正常运行,normal,
2026-01-03T00:50:00,FAN-001,离心风机,245,2.587,47.0,58.15,379.87,995.9,0.9435,正常运行,normal,
2026-01-03T02:00:00,FAN-001,离心风机,252,2.395,44.97,60.17,381.55,981.0,0.9322,正常运行,normal,
2026-01-03T03:10:00,FAN-001,离心风机,259,2.771,46.2,62.03,375.79,985.3,0.9505,正常运行,normal,
2026-01-03T04:20:00,FAN-001,离心风机,266,2.525,47.73,65.3,381.67,978.9,0.9262,正常运行,normal,
2026-01-03T05:30:00,FAN-001,离心风机,273,2.57,46.6,64.77,381.8,973.2,0.9342,正常运行,normal,
2026-01-03T06:40:00,FAN-001,离心风机,280,2.447,47.58,56.34,383.21,973.2,0.9304,正常运行,normal,
2026-01-03T07:50:00,FAN-001,离心风机,287,2.354,49.65,50.14,378.65,972.0,0.9268,正常运行,normal,
2026-01-03T09:00:00,FAN-001,离心风机,294,2.162,49.26,48.38,385.68,975.1,0.9229,正常运行,normal,
2026-01-03T10:10:00,FAN-001,离心风机,301,2.047,49.38,49.7,379.71,968.2,0.9343,正常运行,normal,
2026-01-03T11:20:00,FAN-001,离心风机,308,1.939,50.0,48.84,374.66,972.4,0.9314,正常运行,normal,
2026-01-03T12:30:00,FAN-001,离心风机,315,2.413,50.8,51.01,374.37,969.7,0.9308,正常运行,normal,
2026-01-03T13:40:00,FAN-001,离心风机,322,2.184,50.72,51.06,383.12,974.7,0.9133,正常运行,normal,
2026-01-03T14:50:00,FAN-001,离心风机,329,2.155,51.36,46.88,381.66,965.5,0.9182,正常运行,normal,
2026-01-03T16:00:00,FAN-001,离心风机,336,2.079,51.34,50.47,383.99,970.3,0.9079,正常运行,normal,
2026-01-03T17:10:00,FAN-001,离心风机,343,2.625,51.6,53.04,374.86,983.0,0.9103,正常运行,normal,
2026-01-03T18:20:00,FAN-001,离心风机,350,2.713,51.74,56.13,378.42,988.1,0.9193,正常运行,normal,
2026-01-03T19:30:00,FAN-001,离心风机,357,2.768,50.13,58.44,376.28,973.9,0.8916,正常运行,normal,
2026-01-03T20:40:00,FAN-001,离心风机,364,2.742,49.61,63.52,380.71,979.2,0.8944,正常运行,normal,
2026-01-03T21:50:00,FAN-001,离心风机,371,2.609,48.94,57.44,379.77,980.1,0.8979,正常运行,normal,
2026-01-03T23:00:00,FAN-001,离心风机,378,2.143,46.04,48.81,374.5,973.4,0.89,正常运行,normal,
2026-01-04T00:10:00,FAN-001,离心风机,385,2.237,47.22,49.86,377.32,974.8,0.9007,正常运行,normal,
2026-01-04T01:20:00,FAN-001,离心风机,392,2.461,46.61,51.57,376.19,977.7,0.8809,正常运行,normal,
2026-01-04T02:30:00,FAN-001,离心风机,399,2.267,46.84,52.2,380.08,974.2,0.875,正常运行,normal,
2026-01-04T03:40:00,FAN-001,离心风机,406,2.579,47.33,54.2,378.99,977.2,0.8788,正常运行,normal,
2026-01-04T04:50:00,FAN-001,离心风机,413,2.193,47.91,52.15,374.97,967.6,0.8821,正常运行,normal,
2026-01-04T06:00:00,FAN-001,离心风机,420,2.34,48.07,51.09,379.01,980.4,0.8845,正常运行,normal,
2026-01-04T07:10:00,FAN-001,离心风机,427,2.519,49.03,54.18,385.34,979.5,0.881,正常运行,normal,
2026-01-04T08:20:00,FAN-001,离心风机,434,2.682,49.34,55.24,377.79,972.2,0.8709,正常运行,normal,
2026-01-04T09:30:00,FAN-001,离心风机,441,2.806,52.03,55.24,375.97,970.1,0.8727,正常运行,normal,
2026-01-04T10:40:00,FAN-001,离心风机,448,2.678,53.27,54.99,381.2,984.9,0.858,正常运行,normal,
2026-01-04T11:50:00,FAN-001,离心风机,455,2.829,52.82,58.29,381.33,961.6,0.8442,正常运行,normal,
2026-01-04T13:00:00,FAN-001,离心风机,462,2.655,53.43,57.68,382.66,967.6,0.8608,正常运行,normal,
2026-01-04T14:10:00,FAN-001,离心风机,469,2.852,53.93,59.46,383.61,981.0,0.8654,正常运行,normal,
2026-01-04T15:20:00,FAN-001,离心风机,476,2.746,53.82,60.32,382.33,967.3,0.8416,正常运行,normal,
2026-01-04T16:30:00,FAN-001,离心风机,483,2.689,53.85,53.9,377.86,970.0,0.8364,正常运行,normal,
2026-01-04T17:40:00,FAN-001,离心风机,490,3.043,52.82,61.33,375.76,976.8,0.8399,正常运行,normal,
2026-01-04T18:50:00,FAN-001,离心风机,497,2.88,51.03,61.13,377.85,969.2,0.8429,正常运行,normal,
2026-01-04T20:00:00,FAN-001,离心风机,504,2.9,50.18,60.19,375.98,974.5,0.8484,正常运行,normal,
2026-01-04T21:10:00,FAN-001,离心风机,511,2.903,49.33,59.99,383.84,985.6,0.8414,正常运行,normal,
2026-01-04T22:20:00,FAN-001,离心风机,518,2.723,50.41,59.13,379.13,983.3,0.8277,正常运行,normal,
2026-01-04T23:30:00,FAN-001,离心风机,525,3.189,49.45,64.34,380.77,969.5,0.826,正常运行,normal,
2026-01-05T00:40:00,FAN-001,离心风机,532,3.271,49.86,67.68,378.56,966.8,0.8214,正常运行,normal,
2026-01-05T01:50:00,FAN-001,离心风机,539,3.325,49.92,64.87,376.05,956.8,0.8076,正常运行,normal,
2026-01-05T03:00:00,FAN-001,离心风机,546,3.133,48.28,61.5,379.58,981.8,0.7919,轻度衰退,warning,
2026-01-05T04:10:00,FAN-001,离心风机,553,3.128,49.5,65.37,378.84,974.9,0.8105,正常运行,normal,
2026-01-05T05:20:00,FAN-001,离心风机,560,3.135,50.24,60.99,379.13,970.3,0.8072,正常运行,normal,
2026-01-05T06:30:00,FAN-001,离心风机,567,3.135,51.82,65.81,380.48,975.2,0.7967,轻度衰退,warning,
2026-01-05T07:40:00,FAN-001,离心风机,574,2.903,51.21,59.8,380.22,971.3,0.7912,轻度衰退,warning,
2026-01-05T08:50:00,FAN-001,离心风机,581,3.229,52.63,63.18,385.86,962.4,0.8025,正常运行,normal,
2026-01-05T10:00:00,FAN-001,离心风机,588,3.395,53.84,63.3,382.25,970.2,0.8088,正常运行,normal,
2026-01-05T11:10:00,FAN-001,离心风机,595,2.679,53.94,56.72,375.5,964.1,0.7796,轻度衰退,warning,
2026-01-05T12:20:00,FAN-001,离心风机,602,2.874,53.77,55.03,376.16,968.0,0.7716,轻度衰退,warning,
2026-01-05T13:30:00,FAN-001,离心风机,609,2.894,54.26,54.59,380.57,965.7,0.7839,轻度衰退,warning,
2026-01-05T14:40:00,FAN-001,离心风机,616,2.916,54.91,59.56,378.08,946.6,0.7649,轻度衰退,warning,
2026-01-05T15:50:00,FAN-001,离心风机,623,3.107,55.13,59.77,379.98,968.6,0.777,轻度衰退,warning,
2026-01-05T17:00:00,FAN-001,离心风机,630,3.073,53.74,60.79,380.96,958.5,0.7646,轻度衰退,warning,
2026-01-05T18:10:00,FAN-001,离心风机,637,3.383,53.97,60.07,378.7,971.3,0.747,轻度衰退,warning,
2026-01-05T19:20:00,FAN-001,离心风机,644,3.439,53.34,62.98,381.81,959.1,0.7492,轻度衰退,warning,
2026-01-05T20:30:00,FAN-001,离心风机,651,3.3,52.68,66.6,384.61,962.0,0.7562,轻度衰退,warning,
2026-01-05T21:40:00,FAN-001,离心风机,658,3.655,52.96,67.23,380.16,960.2,0.749,轻度衰退,warning,
2026-01-05T22:50:00,FAN-001,离心风机,665,3.416,51.83,66.35,379.17,964.3,0.7374,轻度衰退,warning,
2026-01-06T00:00:00,FAN-001,离心风机,672,3.506,50.62,68.86,382.27,960.4,0.734,轻度衰退,warning,
2026-01-06T01:10:00,FAN-001,离心风机,679,3.438,50.78,66.45,380.84,969.0,0.7498,轻度衰退,warning,
2026-01-06T02:20:00,FAN-001,离心风机,686,3.693,50.5,59.75,373.47,976.6,0.7274,轻度衰退,warning,
2026-01-06T03:30:00,FAN-001,离心风机,693,3.266,51.49,60.26,381.46,963.5,0.7268,轻度衰退,warning,
2026-01-06T04:40:00,FAN-001,离心风机,700,2.825,50.4,55.13,378.9,957.5,0.7178,轻度衰退,warning,
2026-01-06T05:50:00,FAN-001,离心风机,707,2.568,51.29,50.58,378.59,970.8,0.7241,轻度衰退,warning,
2026-01-06T07:00:00,FAN-001,离心风机,714,2.762,53.16,52.1,376.58,958.4,0.7115,轻度衰退,warning,
2026-01-06T08:10:00,FAN-001,离心风机,721,3.146,52.99,55.91,376.63,974.0,0.729,轻度衰退,warning,
2026-01-06T09:20:00,FAN-001,离心风机,728,3.235,55.11,59.81,375.08,958.5,0.7094,轻度衰退,warning,
2026-01-06T10:30:00,FAN-001,离心风机,735,3.656,56.63,63.16,376.19,956.5,0.6917,轻度衰退,warning,
2026-01-06T11:40:00,FAN-001,离心风机,742,3.321,56.0,61.04,384.62,957.0,0.6912,轻度衰退,warning,
2026-01-06T12:50:00,FAN-001,离心风机,749,3.388,58.02,60.57,379.76,952.7,0.6988,轻度衰退,warning,
2026-01-06T14:00:00,FAN-001,离心风机,756,2.912,57.28,52.6,375.59,956.8,0.6865,轻度衰退,warning,
2026-01-06T15:10:00,FAN-001,离心风机,763,2.942,56.91,53.86,377.08,965.6,0.6964,轻度衰退,warning,
2026-01-06T16:20:00,FAN-001,离心风机,770,3.129,56.17,51.91,376.4,953.6,0.685,轻度衰退,warning,
2026-01-06T17:30:00,FAN-001,离心风机,777,3.121,57.01,52.59,379.11,976.7,0.6681,轻度衰退,warning,
2026-01-06T18:40:00,FAN-001,离心风机,784,3.339,55.78,52.02,375.26,971.3,0.6587,轻度衰退,warning,
2026-01-06T19:50:00,FAN-001,离心风机,791,3.406,55.52,57.89,373.26,958.1,0.6595,轻度衰退,warning,
2026-01-06T21:00:00,FAN-001,离心风机,798,3.451,54.97,60.3,377.17,958.4,0.6574,轻度衰退,warning,
2026-01-06T22:10:00,FAN-001,离心风机,805,4.066,54.46,63.31,375.51,947.0,0.6407,轻度衰退,warning,
2026-01-06T23:20:00,FAN-001,离心风机,812,3.964,52.39,60.61,376.62,951.7,0.6577,轻度衰退,warning,
2026-01-07T00:30:00,FAN-001,离心风机,819,3.308,51.81,57.44,378.06,954.7,0.6546,轻度衰退,warning,
2026-01-07T01:40:00,FAN-001,离心风机,826,3.491,53.36,57.86,378.78,960.0,0.632,轻度衰退,warning,
2026-01-07T02:50:00,FAN-001,离心风机,833,3.452,53.1,50.21,379.55,956.5,0.6309,轻度衰退,warning,
2026-01-07T04:00:00,FAN-001,离心风机,840,3.729,53.01,55.33,375.79,952.7,0.6298,轻度衰退,warning,
2026-01-07T05:10:00,FAN-001,离心风机,847,3.069,54.32,53.62,379.98,961.0,0.6254,轻度衰退,warning,
2026-01-07T06:20:00,FAN-001,离心风机,854,3.757,54.4,52.26,370.35,958.0,0.6139,轻度衰退,warning,
2026-01-07T07:30:00,FAN-001,离心风机,861,3.621,57.36,55.55,376.28,966.0,0.6049,轻度衰退,warning,
2026-01-07T08:40:00,FAN-001,离心风机,868,3.499,57.19,54.79,374.12,955.4,0.6101,轻度衰退,warning,
2026-01-07T09:50:00,FAN-001,离心风机,875,3.943,58.82,51.62,378.37,948.4,0.5875,明显退化,fault,轴承磨损
2026-01-07T11:00:00,FAN-001,离心风机,882,4.716,59.04,53.19,374.91,953.4,0.597,明显退化,fault,轴承磨损
2026-01-07T12:10:00,FAN-001,离心风机,889,5.726,59.53,52.54,379.25,958.4,0.5894,明显退化,fault,轴承磨损
2026-01-07T13:20:00,FAN-001,离心风机,896,5.735,59.79,52.02,376.35,955.5,0.5953,明显退化,fault,轴承磨损
2026-01-07T14:30:00,FAN-001,离心风机,903,5.188,58.97,57.35,379.02,941.1,0.5946,明显退化,fault,轴承磨损
2026-01-07T15:40:00,FAN-001,离心风机,910,4.672,60.89,53.49,380.64,964.7,0.583,明显退化,fault,轴承磨损
2026-01-07T16:50:00,FAN-001,离心风机,917,4.611,58.76,53.74,375.34,958.4,0.5874,明显退化,fault,轴承磨损
2026-01-07T18:00:00,FAN-001,离心风机,924,5.388,57.51,51.98,378.59,962.3,0.5899,明显退化,fault,轴承磨损
2026-01-07T19:10:00,FAN-001,离心风机,931,7.156,58.25,56.41,375.51,952.9,0.5657,明显退化,fault,轴承磨损
2026-01-07T20:20:00,FAN-001,离心风机,938,6.867,58.16,55.66,382.52,964.3,0.5662,明显退化,fault,轴承磨损
2026-01-07T21:30:00,FAN-001,离心风机,945,6.411,57.58,63.99,377.1,955.4,0.5513,明显退化,fault,轴承磨损
2026-01-07T22:40:00,FAN-001,离心风机,952,5.147,55.62,56.98,379.14,963.8,0.5602,明显退化,fault,轴承磨损
2026-01-07T23:50:00,FAN-001,离心风机,959,5.505,55.87,59.66,375.24,953.8,0.5533,明显退化,fault,轴承磨损
2026-01-08T01:00:00,FAN-001,离心风机,966,7.348,56.6,58.81,374.85,949.9,0.5342,明显退化,fault,转子不平衡+轴承磨损
2026-01-08T02:10:00,FAN-001,离心风机,973,8.456,54.99,55.8,378.79,942.5,0.5407,明显退化,fault,转子不平衡+轴承磨损
2026-01-08T03:20:00,FAN-001,离心风机,980,8.742,56.71,57.82,376.82,956.2,0.5227,明显退化,fault,转子不平衡+轴承磨损
2026-01-08T04:30:00,FAN-001,离心风机,987,9.441,57.62,62.81,378.41,966.4,0.519,明显退化,fault,转子不平衡+轴承磨损
2026-01-08T05:40:00,FAN-001,离心风机,994,7.781,57.63,62.41,378.59,960.8,0.5062,明显退化,fault,转子不平衡+轴承磨损
2026-01-08T06:50:00,FAN-001,离心风机,1001,6.499,57.55,57.0,372.09,967.5,0.5221,明显退化,fault,转子不平衡+轴承磨损
2026-01-08T08:00:00,FAN-001,离心风机,1008,8.132,60.34,57.47,377.86,933.1,0.4873,明显退化,fault,转子不平衡+轴承磨损
2026-01-08T09:10:00,FAN-001,离心风机,1015,8.75,60.79,55.37,379.05,970.7,0.5034,明显退化,fault,转子不平衡+轴承磨损
2026-01-08T10:20:00,FAN-001,离心风机,1022,9.726,62.78,51.0,376.94,964.3,0.4875,明显退化,fault,转子不平衡+轴承磨损
2026-01-08T11:30:00,FAN-001,离心风机,1029,9.142,61.39,55.42,377.84,972.2,0.5031,明显退化,fault,转子不平衡+轴承磨损
2026-01-08T12:40:00,FAN-001,离心风机,1036,8.915,64.1,58.18,375.37,949.4,0.4738,明显退化,fault,转子不平衡+轴承磨损
2026-01-08T13:50:00,FAN-001,离心风机,1043,7.107,63.68,55.14,384.13,970.2,0.4716,明显退化,fault,转子不平衡+轴承磨损
2026-01-08T15:00:00,FAN-001,离心风机,1050,7.459,63.8,57.1,378.86,952.4,0.4758,明显退化,fault,转子不平衡+轴承磨损
2026-01-08T16:10:00,FAN-001,离心风机,1057,8.964,64.29,56.74,379.97,946.7,0.4685,明显退化,fault,转子不平衡+轴承磨损
2026-01-08T17:20:00,FAN-001,离心风机,1064,11.776,63.74,61.43,382.49,940.0,0.4646,明显退化,fault,转子不平衡+轴承磨损
2026-01-08T18:30:00,FAN-001,离心风机,1071,12.235,61.88,63.43,372.65,947.2,0.4628,明显退化,fault,转子不平衡+轴承磨损
2026-01-08T19:40:00,FAN-001,离心风机,1078,11.112,61.51,61.17,377.6,918.6,0.4453,明显退化,fault,转子不平衡+轴承磨损
2026-01-08T20:50:00,FAN-001,离心风机,1085,9.939,61.9,67.66,373.22,956.9,0.441,明显退化,fault,转子不平衡+轴承磨损
2026-01-08T22:00:00,FAN-001,离心风机,1092,9.292,60.33,57.82,381.85,944.0,0.4416,明显退化,fault,转子不平衡+轴承磨损
2026-01-08T23:10:00,FAN-001,离心风机,1099,9.784,59.95,60.92,374.87,947.3,0.44,明显退化,fault,转子不平衡+轴承磨损
2026-01-09T00:20:00,FAN-001,离心风机,1106,12.398,60.56,62.72,378.19,953.9,0.4179,明显退化,fault,转子不平衡+轴承磨损
2026-01-09T01:30:00,FAN-001,离心风机,1113,13.206,60.21,63.48,377.46,948.4,0.4128,明显退化,fault,转子不平衡+轴承磨损
2026-01-09T02:40:00,FAN-001,离心风机,1120,10.983,59.94,61.19,374.2,955.1,0.4206,明显退化,fault,转子不平衡+轴承磨损
2026-01-09T03:50:00,FAN-001,离心风机,1127,11.154,61.35,68.43,378.7,943.7,0.3994,严重退化,fault,转子不平衡+轴承磨损
2026-01-09T05:00:00,FAN-001,离心风机,1134,9.794,61.29,69.94,372.05,938.3,0.408,明显退化,fault,转子不平衡+轴承磨损
2026-01-09T06:10:00,FAN-001,离心风机,1141,12.019,61.75,67.8,383.62,960.0,0.3939,严重退化,fault,转子不平衡+轴承磨损
2026-01-09T07:20:00,FAN-001,离心风机,1148,13.665,65.9,66.81,382.96,954.2,0.3674,严重退化,fault,转子不平衡+轴承磨损
2026-01-09T08:30:00,FAN-001,离心风机,1155,14.843,64.91,65.64,376.98,944.3,0.3847,严重退化,fault,转子不平衡+轴承磨损
2026-01-09T09:40:00,FAN-001,离心风机,1162,13.374,64.88,67.13,373.62,939.7,0.3833,严重退化,fault,转子不平衡+轴承磨损
2026-01-09T10:50:00,FAN-001,离心风机,1169,11.074,66.97,65.84,381.86,937.9,0.3662,严重退化,fault,转子不平衡+轴承磨损
2026-01-09T12:00:00,FAN-001,离心风机,1176,9.84,65.26,63.73,378.98,962.3,0.3762,严重退化,fault,转子不平衡+轴承磨损
2026-01-09T13:10:00,FAN-001,离心风机,1183,10.867,68.25,59.44,377.65,928.2,0.345,严重退化,fault,转子不平衡+轴承磨损
2026-01-09T14:20:00,FAN-001,离心风机,1190,12.336,67.66,58.43,374.29,921.1,0.362,严重退化,fault,转子不平衡+轴承磨损
2026-01-09T15:30:00,FAN-001,离心风机,1197,14.438,68.48,64.17,375.93,977.2,0.3455,严重退化,fault,转子不平衡+轴承磨损
2026-01-09T16:40:00,FAN-001,离心风机,1204,13.682,67.52,59.33,380.85,929.2,0.329,严重退化,fault,转子不平衡+轴承磨损
2026-01-09T17:50:00,FAN-001,离心风机,1211,10.685,66.11,56.81,379.21,933.2,0.3478,严重退化,fault,转子不平衡+轴承磨损
2026-01-09T19:00:00,FAN-001,离心风机,1218,11.201,66.88,62.71,376.49,936.7,0.3248,严重退化,fault,转子不平衡+轴承磨损
2026-01-09T20:10:00,FAN-001,离心风机,1225,10.824,65.6,56.93,372.3,944.0,0.3147,严重退化,fault,转子不平衡+轴承磨损
2026-01-09T21:20:00,FAN-001,离心风机,1232,12.076,64.4,55.17,373.27,942.5,0.3334,严重退化,fault,转子不平衡+轴承磨损
2026-01-09T22:30:00,FAN-001,离心风机,1239,13.364,64.73,56.01,378.58,923.1,0.3013,严重退化,fault,转子不平衡+轴承磨损
2026-01-09T23:40:00,FAN-001,离心风机,1246,14.785,64.02,53.96,370.93,956.9,0.309,严重退化,fault,转子不平衡+轴承磨损
2026-01-10T00:50:00,FAN-001,离心风机,1253,13.449,63.61,55.56,369.89,953.2,0.2915,严重退化,fault,转子不平衡+轴承磨损
2026-01-10T02:00:00,FAN-001,离心风机,1260,11.354,63.81,58.95,379.8,931.6,0.2933,严重退化,fault,转子不平衡+轴承磨损
2026-01-10T03:10:00,FAN-001,离心风机,1267,11.207,64.39,59.57,373.45,938.2,0.2751,严重退化,fault,转子不平衡+轴承磨损
2026-01-10T04:20:00,FAN-001,离心风机,1274,12.717,63.24,56.9,383.61,929.9,0.2742,严重退化,fault,转子不平衡+轴承磨损
2026-01-10T05:30:00,FAN-001,离心风机,1281,16.364,67.08,56.81,373.12,942.1,0.2502,严重退化,fault,转子不平衡+轴承磨损
2026-01-10T06:40:00,FAN-001,离心风机,1288,16.836,67.41,60.98,380.93,958.3,0.2539,严重退化,fault,转子不平衡+轴承磨损
2026-01-10T07:50:00,FAN-001,离心风机,1295,15.688,67.8,64.82,370.83,946.5,0.2713,严重退化,fault,转子不平衡+轴承磨损
2026-01-10T09:00:00,FAN-001,离心风机,1302,13.719,69.37,66.68,378.43,947.7,0.2579,严重退化,fault,转子不平衡+轴承磨损
2026-01-10T10:10:00,FAN-001,离心风机,1309,12.253,70.88,65.53,377.84,921.4,0.2485,严重退化,fault,转子不平衡+轴承磨损
2026-01-10T11:20:00,FAN-001,离心风机,1316,17.269,71.62,74.62,369.62,940.2,0.2276,严重退化,fault,转子不平衡+轴承磨损
2026-01-10T12:30:00,FAN-001,离心风机,1323,20.447,72.73,70.68,366.68,938.1,0.2416,严重退化,fault,转子不平衡+轴承磨损
2026-01-10T13:40:00,FAN-001,离心风机,1330,19.472,71.49,65.54,371.94,938.8,0.2313,严重退化,fault,转子不平衡+轴承磨损
2026-01-10T14:50:00,FAN-001,离心风机,1337,19.458,71.87,65.57,368.27,965.9,0.2265,严重退化,fault,转子不平衡+轴承磨损
2026-01-10T16:00:00,FAN-001,离心风机,1344,14.339,71.69,63.31,379.51,922.6,0.2122,严重退化,fault,转子不平衡+轴承磨损
2026-01-10T17:10:00,FAN-001,离心风机,1351,13.713,73.31,63.03,381.88,933.5,0.2063,严重退化,fault,转子不平衡+轴承磨损
2026-01-10T18:20:00,FAN-001,离心风机,1358,14.481,70.39,60.61,372.35,930.5,0.2001,严重退化,fault,转子不平衡+轴承磨损
2026-01-10T19:30:00,FAN-001,离心风机,1365,16.864,69.39,57.39,372.98,936.7,0.2008,严重退化,fault,转子不平衡+轴承磨损
2026-01-10T20:40:00,FAN-001,离心风机,1372,16.252,70.72,55.42,376.31,942.1,0.1895,临故障,fault,转子不平衡+轴承磨损
2026-01-10T21:50:00,FAN-001,离心风机,1379,17.799,68.76,55.92,381.53,917.6,0.1872,临故障,fault,转子不平衡+轴承磨损
2026-01-10T23:00:00,FAN-001,离心风机,1386,15.067,68.58,58.99,380.03,928.0,0.1726,临故障,fault,转子不平衡+轴承磨损
2026-01-11T00:10:00,FAN-001,离心风机,1393,14.569,69.5,59.57,378.84,914.7,0.1583,临故障,fault,转子不平衡+轴承磨损
2026-01-11T01:20:00,FAN-001,离心风机,1400,13.793,68.31,56.64,374.79,936.4,0.1558,临故障,fault,转子不平衡+轴承磨损
2026-01-11T02:30:00,FAN-001,离心风机,1407,16.111,69.26,56.37,375.67,947.8,0.1536,临故障,fault,转子不平衡+轴承磨损
2026-01-11T03:40:00,FAN-001,离心风机,1414,23.126,69.96,62.33,375.98,920.6,0.138,临故障,fault,转子不平衡+轴承磨损
2026-01-11T04:50:00,FAN-001,离心风机,1421,23.636,70.54,64.24,378.49,914.3,0.1321,临故障,fault,转子不平衡+轴承磨损
2026-01-11T06:00:00,FAN-001,离心风机,1428,21.061,71.18,62.67,368.75,917.0,0.1366,临故障,fault,转子不平衡+轴承磨损
2026-01-11T07:10:00,FAN-001,离心风机,1435,15.24,71.6,60.17,372.61,927.7,0.1394,临故障,fault,转子不平衡+轴承磨损
2026-01-11T08:20:00,FAN-001,离心风机,1442,14.854,73.78,57.68,369.3,904.9,0.1153,临故障,fault,转子不平衡+轴承磨损
2026-01-11T09:30:00,FAN-001,离心风机,1449,16.808,74.08,60.27,375.4,911.5,0.1092,临故障,fault,转子不平衡+轴承磨损
2026-01-11T10:40:00,FAN-001,离心风机,1456,21.892,75.69,59.72,377.4,935.2,0.1059,临故障,fault,转子不平衡+轴承磨损
2026-01-11T11:50:00,FAN-001,离心风机,1463,24.657,75.16,63.58,372.87,954.1,0.1097,临故障,fault,转子不平衡+轴承磨损
2026-01-11T13:00:00,FAN-001,离心风机,1470,23.564,77.09,67.32,374.95,936.4,0.0953,临故障,fault,转子不平衡+轴承磨损
2026-01-11T14:10:00,FAN-001,离心风机,1477,19.611,77.9,65.99,378.15,926.4,0.0869,临故障,fault,转子不平衡+轴承磨损
2026-01-11T15:20:00,FAN-001,离心风机,1484,20.993,78.26,72.63,373.66,923.8,0.0594,临故障,fault,转子不平衡+轴承磨损
2026-01-11T16:30:00,FAN-001,离心风机,1491,22.012,76.47,73.28,372.62,915.7,0.0859,临故障,fault,转子不平衡+轴承磨损
2026-01-11T17:40:00,FAN-001,离心风机,1498,25.361,77.48,67.94,371.96,910.4,0.0562,临故障,fault,转子不平衡+轴承磨损
2026-01-11T18:50:00,FAN-001,离心风机,1505,26.704,75.96,62.57,375.61,920.2,0.0556,临故障,fault,转子不平衡+轴承磨损
2026-01-11T20:00:00,FAN-001,离心风机,1512,24.794,74.97,61.63,373.97,958.8,0.0535,临故障,fault,转子不平衡+轴承磨损
2026-01-11T21:10:00,FAN-001,离心风机,1519,21.02,73.9,63.52,371.84,906.2,0.0493,临故障,fault,转子不平衡+轴承磨损
2026-01-11T22:20:00,FAN-001,离心风机,1526,17.051,75.39,62.14,373.71,935.6,0.0341,临故障,fault,转子不平衡+轴承磨损
2026-01-11T23:30:00,FAN-001,离心风机,1533,20.68,73.12,60.91,376.68,929.8,0.0385,临故障,fault,转子不平衡+轴承磨损
2026-01-12T00:40:00,FAN-001,离心风机,1540,24.455,74.77,62.73,373.93,898.5,0.0088,临故障,fault,转子不平衡+轴承磨损
2026-01-12T01:50:00,FAN-001,离心风机,1547,25.513,72.71,58.26,368.6,931.1,0.0099,临故障,fault,转子不平衡+轴承磨损
2026-01-12T03:00:00,FAN-001,离心风机,1554,23.987,75.11,56.83,371.19,901.1,0.0,临故障,fault,转子不平衡+轴承磨损
2026-01-12T04:10:00,FAN-001,离心风机,1561,22.862,74.72,58.47,378.86,943.0,0.0,临故障,fault,转子不平衡+轴承磨损
2026-01-01T08:00:00,GEARBOX-001,齿轮传动箱,0,2.031,62.42,77.73,380.54,1240.5,1.0,正常运行,normal,
2026-01-01T09:00:00,GEARBOX-001,齿轮传动箱,6,1.998,63.34,75.16,386.9,1246.8,0.9805,正常运行,normal,
2026-01-01T10:00:00,GEARBOX-001,齿轮传动箱,12,2.121,64.06,76.63,380.28,1240.5,0.9926,正常运行,normal,
2026-01-01T11:00:00,GEARBOX-001,齿轮传动箱,18,1.941,63.9,75.95,376.45,1241.4,0.9784,正常运行,normal,
2026-01-01T12:00:00,GEARBOX-001,齿轮传动箱,24,2.068,63.87,75.47,382.55,1254.8,0.986,正常运行,normal,
2026-01-01T13:00:00,GEARBOX-001,齿轮传动箱,30,2.511,64.91,85.78,380.5,1250.2,0.9826,正常运行,normal,
2026-01-01T14:00:00,GEARBOX-001,齿轮传动箱,36,2.18,63.94,77.46,380.47,1253.4,0.9971,正常运行,normal,
2026-01-01T15:00:00,GEARBOX-001,齿轮传动箱,42,2.19,65.65,77.27,379.69,1245.0,0.9939,正常运行,normal,
2026-01-01T16:00:00,GEARBOX-001,齿轮传动箱,48,1.898,64.86,75.87,380.81,1243.4,0.9966,正常运行,normal,
2026-01-01T17:00:00,GEARBOX-001,齿轮传动箱,54,1.963,63.22,74.62,378.71,1257.2,0.997,正常运行,normal,
2026-01-01T18:00:00,GEARBOX-001,齿轮传动箱,60,2.078,63.99,74.2,381.23,1251.4,0.981,正常运行,normal,
2026-01-01T19:00:00,GEARBOX-001,齿轮传动箱,66,1.949,62.28,73.32,377.02,1250.2,0.9919,正常运行,normal,
2026-01-01T20:00:00,GEARBOX-001,齿轮传动箱,72,1.821,62.53,68.97,380.99,1238.4,0.9876,正常运行,normal,
2026-01-01T21:00:00,GEARBOX-001,齿轮传动箱,78,2.292,60.85,79.92,380.89,1248.7,0.9897,正常运行,normal,
2026-01-01T22:00:00,GEARBOX-001,齿轮传动箱,84,2.328,61.81,82.83,383.64,1237.4,0.9886,正常运行,normal,
2026-01-01T23:00:00,GEARBOX-001,齿轮传动箱,90,2.218,60.58,86.34,373.52,1253.7,0.9817,正常运行,normal,
2026-01-02T00:00:00,GEARBOX-001,齿轮传动箱,96,2.427,58.68,85.5,387.71,1239.7,0.9787,正常运行,normal,
2026-01-02T01:00:00,GEARBOX-001,齿轮传动箱,102,2.168,60.19,82.2,378.86,1248.0,0.9925,正常运行,normal,
2026-01-02T02:00:00,GEARBOX-001,齿轮传动箱,108,2.153,58.96,78.8,382.44,1251.2,0.9809,正常运行,normal,
2026-01-02T03:00:00,GEARBOX-001,齿轮传动箱,114,2.088,59.17,80.56,381.36,1240.8,0.9922,正常运行,normal,
2026-01-02T04:00:00,GEARBOX-001,齿轮传动箱,120,2.25,59.55,74.56,377.69,1251.9,0.9896,正常运行,normal,
2026-01-02T05:00:00,GEARBOX-001,齿轮传动箱,126,1.975,59.91,72.98,380.16,1250.0,0.9736,正常运行,normal,
2026-01-02T06:00:00,GEARBOX-001,齿轮传动箱,132,1.748,59.85,72.62,381.41,1257.3,0.9917,正常运行,normal,
2026-01-02T07:00:00,GEARBOX-001,齿轮传动箱,138,1.972,61.85,76.28,375.99,1248.3,0.9585,正常运行,normal,
2026-01-02T08:00:00,GEARBOX-001,齿轮传动箱,144,2.224,63.16,75.89,379.56,1250.4,0.9698,正常运行,normal,
2026-01-02T09:00:00,GEARBOX-001,齿轮传动箱,150,2.338,62.7,80.97,383.08,1255.0,0.9732,正常运行,normal,
2026-01-02T10:00:00,GEARBOX-001,齿轮传动箱,156,2.075,64.46,73.25,374.08,1259.6,0.9806,正常运行,normal,
2026-01-02T11:00:00,GEARBOX-001,齿轮传动箱,162,2.056,64.03,78.25,376.26,1252.9,0.9665,正常运行,normal,
2026-01-02T12:00:00,GEARBOX-001,齿轮传动箱,168,2.283,65.24,76.63,380.77,1252.3,0.9706,正常运行,normal,
2026-01-02T13:00:00,GEARBOX-001,齿轮传动箱,174,2.111,64.33,74.14,380.19,1244.4,0.9769,正常运行,normal,
2026-01-02T14:00:00,GEARBOX-001,齿轮传动箱,180,1.771,65.98,71.36,380.16,1235.7,0.9643,正常运行,normal,
2026-01-02T15:00:00,GEARBOX-001,齿轮传动箱,186,1.676,64.64,62.81,378.49,1251.2,0.9696,正常运行,normal,
2026-01-02T16:00:00,GEARBOX-001,齿轮传动箱,192,1.831,64.35,69.76,378.65,1241.4,0.9669,正常运行,normal,
2026-01-02T17:00:00,GEARBOX-001,齿轮传动箱,198,2.0,63.76,65.8,374.92,1240.5,0.9562,正常运行,normal,
2026-01-02T18:00:00,GEARBOX-001,齿轮传动箱,204,1.965,63.26,68.97,379.38,1248.6,0.9469,正常运行,normal,
2026-01-02T19:00:00,GEARBOX-001,齿轮传动箱,210,2.122,63.91,77.24,386.7,1244.7,0.9425,正常运行,normal,
2026-01-02T20:00:00,GEARBOX-001,齿轮传动箱,216,2.236,63.11,79.1,377.8,1242.7,0.9364,正常运行,normal,
2026-01-02T21:00:00,GEARBOX-001,齿轮传动箱,222,2.107,62.37,81.13,384.98,1240.4,0.9608,正常运行,normal,
2026-01-02T22:00:00,GEARBOX-001,齿轮传动箱,228,2.089,61.36,77.96,368.49,1250.9,0.9482,正常运行,normal,
2026-01-02T23:00:00,GEARBOX-001,齿轮传动箱,234,2.015,60.36,76.39,380.22,1231.0,0.9479,正常运行,normal,
2026-01-03T00:00:00,GEARBOX-001,齿轮传动箱,240,1.91,60.29,69.19,378.78,1248.4,0.9326,正常运行,normal,
2026-01-03T01:00:00,GEARBOX-001,齿轮传动箱,246,1.744,60.73,69.16,383.69,1251.5,0.9294,正常运行,normal,
2026-01-03T02:00:00,GEARBOX-001,齿轮传动箱,252,1.867,59.68,65.34,378.6,1253.2,0.9341,正常运行,normal,
2026-01-03T03:00:00,GEARBOX-001,齿轮传动箱,258,1.833,60.16,63.13,374.6,1237.9,0.92,正常运行,normal,
2026-01-03T04:00:00,GEARBOX-001,齿轮传动箱,264,1.873,59.88,65.82,376.86,1233.4,0.9352,正常运行,normal,
2026-01-03T05:00:00,GEARBOX-001,齿轮传动箱,270,1.876,60.59,71.48,378.85,1245.1,0.9486,正常运行,normal,
2026-01-03T06:00:00,GEARBOX-001,齿轮传动箱,276,1.917,61.68,73.7,383.38,1250.3,0.9404,正常运行,normal,
2026-01-03T07:00:00,GEARBOX-001,齿轮传动箱,282,2.108,62.39,77.14,376.0,1252.1,0.928,正常运行,normal,
2026-01-03T08:00:00,GEARBOX-001,齿轮传动箱,288,2.013,63.22,75.98,386.21,1237.0,0.9246,正常运行,normal,
2026-01-03T09:00:00,GEARBOX-001,齿轮传动箱,294,2.11,62.77,75.72,377.46,1240.4,0.9272,正常运行,normal,
2026-01-03T10:00:00,GEARBOX-001,齿轮传动箱,300,2.019,65.31,77.81,378.85,1241.9,0.9276,正常运行,normal,
2026-01-03T11:00:00,GEARBOX-001,齿轮传动箱,306,2.163,65.16,78.29,383.01,1247.9,0.9227,正常运行,normal,
2026-01-03T12:00:00,GEARBOX-001,齿轮传动箱,312,2.088,65.72,78.24,374.59,1239.2,0.9104,正常运行,normal,
2026-01-03T13:00:00,GEARBOX-001,齿轮传动箱,318,2.352,67.72,82.32,383.01,1251.8,0.9057,正常运行,normal,
2026-01-03T14:00:00,GEARBOX-001,齿轮传动箱,324,2.106,66.37,77.2,381.36,1239.4,0.9002,正常运行,normal,
2026-01-03T15:00:00,GEARBOX-001,齿轮传动箱,330,2.29,66.39,79.02,377.45,1241.7,0.912,正常运行,normal,
2026-01-03T16:00:00,GEARBOX-001,齿轮传动箱,336,2.604,67.36,81.65,381.68,1247.5,0.9109,正常运行,normal,
2026-01-03T17:00:00,GEARBOX-001,齿轮传动箱,342,2.176,66.21,78.76,376.65,1240.6,0.9021,正常运行,normal,
2026-01-03T18:00:00,GEARBOX-001,齿轮传动箱,348,2.206,65.48,73.96,373.49,1245.5,0.8987,正常运行,normal,
2026-01-03T19:00:00,GEARBOX-001,齿轮传动箱,354,1.971,64.65,73.0,385.48,1245.2,0.8897,正常运行,normal,
2026-01-03T20:00:00,GEARBOX-001,齿轮传动箱,360,1.825,63.33,69.27,378.43,1243.3,0.8887,正常运行,normal,
2026-01-03T21:00:00,GEARBOX-001,齿轮传动箱,366,1.899,62.44,64.56,376.63,1240.2,0.8702,正常运行,normal,
2026-01-03T22:00:00,GEARBOX-001,齿轮传动箱,372,2.023,60.68,70.21,375.42,1235.5,0.8807,正常运行,normal,
2026-01-03T23:00:00,GEARBOX-001,齿轮传动箱,378,1.947,62.82,72.66,383.23,1249.5,0.8765,正常运行,normal,
2026-01-04T00:00:00,GEARBOX-001,齿轮传动箱,384,2.013,61.07,72.19,378.84,1236.8,0.8707,正常运行,normal,
2026-01-04T01:00:00,GEARBOX-001,齿轮传动箱,390,2.021,60.78,66.4,384.56,1232.0,0.8666,正常运行,normal,
2026-01-04T02:00:00,GEARBOX-001,齿轮传动箱,396,1.925,60.82,68.04,388.81,1227.6,0.8682,正常运行,normal,
2026-01-04T03:00:00,GEARBOX-001,齿轮传动箱,402,2.138,59.92,70.4,378.63,1232.4,0.8812,正常运行,normal,
2026-01-04T04:00:00,GEARBOX-001,齿轮传动箱,408,1.958,60.92,69.67,379.59,1251.5,0.863,正常运行,normal,
2026-01-04T05:00:00,GEARBOX-001,齿轮传动箱,414,1.944,62.39,72.01,382.61,1250.7,0.8633,正常运行,normal,
2026-01-04T06:00:00,GEARBOX-001,齿轮传动箱,420,1.961,62.93,70.75,380.27,1235.2,0.8722,正常运行,normal,
2026-01-04T07:00:00,GEARBOX-001,齿轮传动箱,426,2.153,63.39,74.45,379.17,1237.1,0.8406,正常运行,normal,
2026-01-04T08:00:00,GEARBOX-001,齿轮传动箱,432,2.216,64.11,75.7,379.49,1239.9,0.8396,正常运行,normal,
2026-01-04T09:00:00,GEARBOX-001,齿轮传动箱,438,2.172,64.88,78.12,383.21,1240.7,0.8524,正常运行,normal,
2026-01-04T10:00:00,GEARBOX-001,齿轮传动箱,444,2.226,65.76,72.17,369.42,1237.0,0.8623,正常运行,normal,
2026-01-04T11:00:00,GEARBOX-001,齿轮传动箱,450,2.342,67.04,73.95,371.77,1232.1,0.8377,正常运行,normal,
2026-01-04T12:00:00,GEARBOX-001,齿轮传动箱,456,2.223,66.87,72.45,383.46,1230.5,0.8392,正常运行,normal,
2026-01-04T13:00:00,GEARBOX-001,齿轮传动箱,462,2.188,67.25,76.2,376.17,1251.3,0.8572,正常运行,normal,
2026-01-04T14:00:00,GEARBOX-001,齿轮传动箱,468,1.994,67.12,74.83,384.72,1227.5,0.828,正常运行,normal,
2026-01-04T15:00:00,GEARBOX-001,齿轮传动箱,474,2.291,67.65,82.41,374.8,1244.2,0.8421,正常运行,normal,
2026-01-04T16:00:00,GEARBOX-001,齿轮传动箱,480,2.506,68.04,83.58,380.47,1234.8,0.8203,正常运行,normal,
2026-01-04T17:00:00,GEARBOX-001,齿轮传动箱,486,2.524,67.61,85.01,377.74,1236.1,0.8323,正常运行,normal,
2026-01-04T18:00:00,GEARBOX-001,齿轮传动箱,492,2.365,67.39,82.58,380.42,1242.8,0.8178,正常运行,normal,
2026-01-04T19:00:00,GEARBOX-001,齿轮传动箱,498,2.44,66.51,82.76,378.9,1226.2,0.828,正常运行,normal,
2026-01-04T20:00:00,GEARBOX-001,齿轮传动箱,504,2.473,65.87,80.13,381.16,1240.5,0.8141,正常运行,normal,
2026-01-04T21:00:00,GEARBOX-001,齿轮传动箱,510,2.443,65.23,79.57,373.44,1235.2,0.811,正常运行,normal,
2026-01-04T22:00:00,GEARBOX-001,齿轮传动箱,516,2.3,64.62,74.23,383.43,1239.2,0.8079,正常运行,normal,
2026-01-04T23:00:00,GEARBOX-001,齿轮传动箱,522,2.222,63.2,68.87,378.81,1235.7,0.8039,正常运行,normal,
2026-01-05T00:00:00,GEARBOX-001,齿轮传动箱,528,2.126,62.08,69.89,380.75,1229.0,0.8001,正常运行,normal,
2026-01-05T01:00:00,GEARBOX-001,齿轮传动箱,534,2.253,63.46,70.71,381.38,1233.3,0.793,轻度衰退,warning,
2026-01-05T02:00:00,GEARBOX-001,齿轮传动箱,540,2.173,62.46,68.22,380.05,1238.6,0.7958,轻度衰退,warning,
2026-01-05T03:00:00,GEARBOX-001,齿轮传动箱,546,2.391,61.86,74.52,377.19,1227.1,0.7844,轻度衰退,warning,
2026-01-05T04:00:00,GEARBOX-001,齿轮传动箱,552,2.253,62.63,67.74,375.32,1234.8,0.79,轻度衰退,warning,
2026-01-05T05:00:00,GEARBOX-001,齿轮传动箱,558,2.21,64.08,76.45,381.88,1230.4,0.765,轻度衰退,warning,
2026-01-05T06:00:00,GEARBOX-001,齿轮传动箱,564,2.099,64.7,70.47,378.0,1235.9,0.7778,轻度衰退,warning,
2026-01-05T07:00:00,GEARBOX-001,齿轮传动箱,570,2.13,65.27,64.25,378.58,1232.8,0.7808,轻度衰退,warning,
2026-01-05T08:00:00,GEARBOX-001,齿轮传动箱,576,2.26,65.08,66.89,381.08,1239.1,0.775,轻度衰退,warning,
2026-01-05T09:00:00,GEARBOX-001,齿轮传动箱,582,2.369,66.11,67.95,378.9,1235.5,0.7714,轻度衰退,warning,
2026-01-05T10:00:00,GEARBOX-001,齿轮传动箱,588,2.426,67.69,70.72,381.1,1230.4,0.751,轻度衰退,warning,
2026-01-05T11:00:00,GEARBOX-001,齿轮传动箱,594,2.507,68.62,66.08,381.59,1226.7,0.7601,轻度衰退,warning,
2026-01-05T12:00:00,GEARBOX-001,齿轮传动箱,600,2.277,69.31,66.97,377.32,1241.2,0.7571,轻度衰退,warning,
2026-01-05T13:00:00,GEARBOX-001,齿轮传动箱,606,2.35,69.28,69.45,377.36,1232.5,0.7372,轻度衰退,warning,
2026-01-05T14:00:00,GEARBOX-001,齿轮传动箱,612,2.284,68.57,67.39,376.35,1231.5,0.7462,轻度衰退,warning,
2026-01-05T15:00:00,GEARBOX-001,齿轮传动箱,618,2.34,69.96,67.74,377.11,1234.2,0.748,轻度衰退,warning,
2026-01-05T16:00:00,GEARBOX-001,齿轮传动箱,624,2.408,70.1,66.06,375.78,1233.3,0.7308,轻度衰退,warning,
2026-01-05T17:00:00,GEARBOX-001,齿轮传动箱,630,2.704,69.24,74.09,381.13,1231.5,0.7334,轻度衰退,warning,
2026-01-05T18:00:00,GEARBOX-001,齿轮传动箱,636,2.8,69.0,75.08,376.9,1234.3,0.7293,轻度衰退,warning,
2026-01-05T19:00:00,GEARBOX-001,齿轮传动箱,642,2.427,69.24,66.93,381.77,1220.0,0.7146,轻度衰退,warning,
2026-01-05T20:00:00,GEARBOX-001,齿轮传动箱,648,2.317,67.49,70.87,379.05,1232.7,0.7347,轻度衰退,warning,
2026-01-05T21:00:00,GEARBOX-001,齿轮传动箱,654,2.445,65.92,72.45,377.84,1234.2,0.728,轻度衰退,warning,
2026-01-05T22:00:00,GEARBOX-001,齿轮传动箱,660,2.828,66.56,80.39,380.98,1225.8,0.7041,轻度衰退,warning,
2026-01-05T23:00:00,GEARBOX-001,齿轮传动箱,666,2.612,67.16,72.46,379.76,1225.8,0.7063,轻度衰退,warning,
2026-01-06T00:00:00,GEARBOX-001,齿轮传动箱,672,2.656,65.4,79.51,375.91,1218.4,0.7115,轻度衰退,warning,
2026-01-06T01:00:00,GEARBOX-001,齿轮传动箱,678,2.218,65.56,70.32,375.85,1243.6,0.7077,轻度衰退,warning,
2026-01-06T02:00:00,GEARBOX-001,齿轮传动箱,684,2.521,65.31,71.35,377.92,1228.4,0.6949,轻度衰退,warning,
2026-01-06T03:00:00,GEARBOX-001,齿轮传动箱,690,2.574,65.43,72.71,374.24,1216.7,0.695,轻度衰退,warning,
2026-01-06T04:00:00,GEARBOX-001,齿轮传动箱,696,2.811,66.11,74.54,379.84,1229.3,0.6933,轻度衰退,warning,
2026-01-06T05:00:00,GEARBOX-001,齿轮传动箱,702,2.671,66.73,74.6,384.32,1221.9,0.6942,轻度衰退,warning,
2026-01-06T06:00:00,GEARBOX-001,齿轮传动箱,708,2.703,66.86,74.36,375.87,1221.8,0.6882,轻度衰退,warning,
2026-01-06T07:00:00,GEARBOX-001,齿轮传动箱,714,2.749,68.28,76.18,374.41,1220.5,0.6619,轻度衰退,warning,
2026-01-06T08:00:00,GEARBOX-001,齿轮传动箱,720,3.285,70.96,83.78,380.36,1216.0,0.6534,轻度衰退,warning,
2026-01-06T09:00:00,GEARBOX-001,齿轮传动箱,726,3.08,69.39,79.99,370.18,1219.2,0.6518,轻度衰退,warning,
2026-01-06T10:00:00,GEARBOX-001,齿轮传动箱,732,3.166,71.19,79.5,378.5,1216.6,0.6651,轻度衰退,warning,
2026-01-06T11:00:00,GEARBOX-001,齿轮传动箱,738,2.825,72.31,81.32,375.07,1223.1,0.6636,轻度衰退,warning,
2026-01-06T12:00:00,GEARBOX-001,齿轮传动箱,744,3.357,72.6,91.95,380.54,1229.3,0.651,轻度衰退,warning,
2026-01-06T13:00:00,GEARBOX-001,齿轮传动箱,750,3.346,72.91,91.67,376.06,1224.9,0.6444,轻度衰退,warning,
2026-01-06T14:00:00,GEARBOX-001,齿轮传动箱,756,3.486,72.69,91.7,370.54,1220.8,0.6448,轻度衰退,warning,
2026-01-06T15:00:00,GEARBOX-001,齿轮传动箱,762,3.803,73.71,91.0,380.16,1226.0,0.6356,轻度衰退,warning,
2026-01-06T16:00:00,GEARBOX-001,齿轮传动箱,768,3.38,73.16,87.25,380.58,1218.5,0.6388,轻度衰退,warning,
2026-01-06T17:00:00,GEARBOX-001,齿轮传动箱,774,3.293,73.39,87.66,380.34,1219.7,0.6188,轻度衰退,warning,
2026-01-06T18:00:00,GEARBOX-001,齿轮传动箱,780,3.417,72.54,79.99,378.31,1221.5,0.6128,轻度衰退,warning,
2026-01-06T19:00:00,GEARBOX-001,齿轮传动箱,786,3.322,71.08,82.27,378.12,1212.6,0.6233,轻度衰退,warning,
2026-01-06T20:00:00,GEARBOX-001,齿轮传动箱,792,3.213,71.46,79.87,374.19,1229.4,0.6267,轻度衰退,warning,
2026-01-06T21:00:00,GEARBOX-001,齿轮传动箱,798,3.326,70.0,83.32,377.87,1210.2,0.6171,轻度衰退,warning,
2026-01-06T22:00:00,GEARBOX-001,齿轮传动箱,804,3.3,68.9,82.28,377.41,1225.7,0.6175,轻度衰退,warning,
2026-01-06T23:00:00,GEARBOX-001,齿轮传动箱,810,3.455,69.13,87.14,368.82,1224.3,0.6085,轻度衰退,warning,
2026-01-07T00:00:00,GEARBOX-001,齿轮传动箱,816,3.305,68.29,77.29,374.58,1225.3,0.5937,明显退化,fault,
2026-01-07T01:00:00,GEARBOX-001,齿轮传动箱,822,3.322,67.48,76.96,374.65,1224.5,0.5908,明显退化,fault,
2026-01-07T02:00:00,GEARBOX-001,齿轮传动箱,828,3.344,67.97,81.27,371.02,1223.7,0.5842,明显退化,fault,
2026-01-07T03:00:00,GEARBOX-001,齿轮传动箱,834,3.246,68.28,77.9,385.85,1219.7,0.5947,明显退化,fault,
2026-01-07T04:00:00,GEARBOX-001,齿轮传动箱,840,3.88,69.42,84.23,369.58,1211.4,0.5736,明显退化,fault,
2026-01-07T05:00:00,GEARBOX-001,齿轮传动箱,846,3.841,70.91,89.78,375.96,1217.3,0.5793,明显退化,fault,
2026-01-07T06:00:00,GEARBOX-001,齿轮传动箱,852,3.996,71.91,92.33,378.39,1219.2,0.5561,明显退化,fault,
2026-01-07T07:00:00,GEARBOX-001,齿轮传动箱,858,4.012,73.19,95.45,375.84,1215.1,0.5613,明显退化,fault,
2026-01-07T08:00:00,GEARBOX-001,齿轮传动箱,864,4.242,72.71,94.06,377.42,1218.6,0.5668,明显退化,fault,
2026-01-07T09:00:00,GEARBOX-001,齿轮传动箱,870,3.973,72.47,89.49,375.93,1220.8,0.5474,明显退化,fault,
2026-01-07T10:00:00,GEARBOX-001,齿轮传动箱,876,4.034,75.45,82.88,376.09,1222.1,0.5376,明显退化,fault,
2026-01-07T11:00:00,GEARBOX-001,齿轮传动箱,882,3.669,74.29,82.99,374.31,1227.2,0.5525,明显退化,fault,
2026-01-07T12:00:00,GEARBOX-001,齿轮传动箱,888,3.67,75.06,82.6,378.8,1225.4,0.5466,明显退化,fault,
2026-01-07T13:00:00,GEARBOX-001,齿轮传动箱,894,4.033,75.25,87.94,377.05,1209.0,0.5405,明显退化,fault,
2026-01-07T14:00:00,GEARBOX-001,齿轮传动箱,900,3.988,76.45,84.57,385.0,1218.7,0.5275,明显退化,fault,
2026-01-07T15:00:00,GEARBOX-001,齿轮传动箱,906,3.614,75.4,79.82,379.11,1213.6,0.5251,明显退化,fault,
2026-01-07T16:00:00,GEARBOX-001,齿轮传动箱,912,4.077,75.22,83.06,378.43,1218.5,0.5189,明显退化,fault,
2026-01-07T17:00:00,GEARBOX-001,齿轮传动箱,918,3.822,76.32,82.68,379.41,1216.2,0.51,明显退化,fault,
2026-01-07T18:00:00,GEARBOX-001,齿轮传动箱,924,5.531,75.58,83.15,377.85,1205.5,0.4943,明显退化,fault,齿轮点蚀
2026-01-07T19:00:00,GEARBOX-001,齿轮传动箱,930,4.249,74.27,85.44,375.28,1216.8,0.5036,明显退化,fault,
2026-01-07T20:00:00,GEARBOX-001,齿轮传动箱,936,7.933,74.07,86.73,374.98,1212.7,0.4944,明显退化,fault,齿轮点蚀
2026-01-07T21:00:00,GEARBOX-001,齿轮传动箱,942,6.379,74.38,87.92,377.35,1220.6,0.4842,明显退化,fault,齿轮点蚀
2026-01-07T22:00:00,GEARBOX-001,齿轮传动箱,948,5.766,73.76,81.18,372.24,1211.2,0.4894,明显退化,fault,齿轮点蚀
2026-01-07T23:00:00,GEARBOX-001,齿轮传动箱,954,5.223,71.75,82.5,379.38,1213.2,0.4859,明显退化,fault,齿轮点蚀
2026-01-08T00:00:00,GEARBOX-001,齿轮传动箱,960,5.174,71.2,75.9,371.69,1209.2,0.4775,明显退化,fault,齿轮点蚀
2026-01-08T01:00:00,GEARBOX-001,齿轮传动箱,966,5.92,72.62,77.39,381.44,1212.6,0.454,明显退化,fault,齿轮点蚀
2026-01-08T02:00:00,GEARBOX-001,齿轮传动箱,972,6.491,71.45,77.92,379.01,1208.1,0.465,明显退化,fault,齿轮点蚀
2026-01-08T03:00:00,GEARBOX-001,齿轮传动箱,978,8.506,72.18,90.16,372.86,1211.0,0.466,明显退化,fault,齿轮点蚀
2026-01-08T04:00:00,GEARBOX-001,齿轮传动箱,984,7.857,72.46,88.0,376.05,1203.0,0.4452,明显退化,fault,齿轮点蚀
2026-01-08T05:00:00,GEARBOX-001,齿轮传动箱,990,6.777,73.71,78.65,373.13,1215.4,0.4543,明显退化,fault,齿轮点蚀
2026-01-08T06:00:00,GEARBOX-001,齿轮传动箱,996,5.767,74.68,82.08,373.35,1204.9,0.4427,明显退化,fault,齿轮点蚀
2026-01-08T07:00:00,GEARBOX-001,齿轮传动箱,1002,5.383,75.23,87.03,382.74,1213.1,0.4456,明显退化,fault,齿轮点蚀
2026-01-08T08:00:00,GEARBOX-001,齿轮传动箱,1008,7.17,76.63,90.11,374.22,1208.8,0.4357,明显退化,fault,齿轮点蚀
2026-01-08T09:00:00,GEARBOX-001,齿轮传动箱,1014,7.71,78.22,87.86,377.02,1209.4,0.4111,明显退化,fault,齿轮点蚀
2026-01-08T10:00:00,GEARBOX-001,齿轮传动箱,1020,8.89,78.36,89.39,378.77,1199.6,0.4182,明显退化,fault,齿轮点蚀
2026-01-08T11:00:00,GEARBOX-001,齿轮传动箱,1026,9.116,79.13,87.83,376.16,1198.1,0.4302,明显退化,fault,齿轮点蚀
2026-01-08T12:00:00,GEARBOX-001,齿轮传动箱,1032,8.011,79.92,90.11,378.91,1214.5,0.4072,明显退化,fault,齿轮点蚀
2026-01-08T13:00:00,GEARBOX-001,齿轮传动箱,1038,7.057,81.61,86.57,380.58,1213.8,0.4084,明显退化,fault,齿轮点蚀
2026-01-08T14:00:00,GEARBOX-001,齿轮传动箱,1044,6.267,79.09,86.23,377.34,1207.6,0.4004,明显退化,fault,齿轮点蚀
2026-01-08T15:00:00,GEARBOX-001,齿轮传动箱,1050,6.383,88.31,83.04,374.34,1198.1,0.3852,严重退化,fault,齿轮点蚀+润滑不足
2026-01-08T16:00:00,GEARBOX-001,齿轮传动箱,1056,7.524,87.36,83.95,376.11,1216.8,0.3945,严重退化,fault,齿轮点蚀+润滑不足
2026-01-08T17:00:00,GEARBOX-001,齿轮传动箱,1062,7.659,78.06,77.02,370.82,1199.1,0.4042,明显退化,fault,齿轮点蚀
2026-01-08T18:00:00,GEARBOX-001,齿轮传动箱,1068,9.087,86.22,84.03,378.23,1209.3,0.3934,严重退化,fault,齿轮点蚀+润滑不足
2026-01-08T19:00:00,GEARBOX-001,齿轮传动箱,1074,9.128,86.42,93.22,372.27,1199.6,0.3623,严重退化,fault,齿轮点蚀+润滑不足
2026-01-08T20:00:00,GEARBOX-001,齿轮传动箱,1080,7.705,86.77,90.35,374.2,1194.6,0.3731,严重退化,fault,齿轮点蚀+润滑不足
2026-01-08T21:00:00,GEARBOX-001,齿轮传动箱,1086,6.904,87.03,88.3,373.22,1202.6,0.3641,严重退化,fault,齿轮点蚀+润滑不足
2026-01-08T22:00:00,GEARBOX-001,齿轮传动箱,1092,6.998,85.38,87.86,379.62,1196.1,0.3488,严重退化,fault,齿轮点蚀+润滑不足
2026-01-08T23:00:00,GEARBOX-001,齿轮传动箱,1098,7.753,86.04,88.01,377.39,1203.0,0.351,严重退化,fault,齿轮点蚀+润滑不足
2026-01-09T00:00:00,GEARBOX-001,齿轮传动箱,1104,10.025,85.95,95.74,375.74,1189.3,0.3325,严重退化,fault,齿轮点蚀+润滑不足
2026-01-09T01:00:00,GEARBOX-001,齿轮传动箱,1110,11.096,85.18,93.99,372.25,1202.0,0.3429,严重退化,fault,齿轮点蚀+润滑不足
2026-01-09T02:00:00,GEARBOX-001,齿轮传动箱,1116,10.155,85.37,98.05,380.76,1195.4,0.3302,严重退化,fault,齿轮点蚀+润滑不足
2026-01-09T03:00:00,GEARBOX-001,齿轮传动箱,1122,9.223,84.86,96.83,375.78,1208.6,0.3295,严重退化,fault,齿轮点蚀+润滑不足
2026-01-09T04:00:00,GEARBOX-001,齿轮传动箱,1128,7.85,85.21,97.51,376.85,1199.9,0.3299,严重退化,fault,齿轮点蚀+润滑不足
2026-01-09T05:00:00,GEARBOX-001,齿轮传动箱,1134,8.082,86.07,96.48,370.52,1192.0,0.3097,严重退化,fault,齿轮点蚀+润滑不足
2026-01-09T06:00:00,GEARBOX-001,齿轮传动箱,1140,8.533,86.04,91.6,374.32,1190.3,0.3204,严重退化,fault,齿轮点蚀+润滑不足
2026-01-09T07:00:00,GEARBOX-001,齿轮传动箱,1146,10.243,88.32,98.32,377.36,1204.7,0.3098,严重退化,fault,齿轮点蚀+润滑不足
2026-01-09T08:00:00,GEARBOX-001,齿轮传动箱,1152,10.253,88.64,85.47,379.81,1197.0,0.3053,严重退化,fault,齿轮点蚀+润滑不足
2026-01-09T09:00:00,GEARBOX-001,齿轮传动箱,1158,11.287,92.3,90.43,384.72,1195.9,0.2781,严重退化,fault,齿轮点蚀+润滑不足
2026-01-09T10:00:00,GEARBOX-001,齿轮传动箱,1164,9.053,91.22,86.51,371.11,1201.6,0.2988,严重退化,fault,齿轮点蚀+润滑不足
2026-01-09T11:00:00,GEARBOX-001,齿轮传动箱,1170,7.211,92.22,81.8,371.68,1194.3,0.2933,严重退化,fault,齿轮点蚀+润滑不足
2026-01-09T12:00:00,GEARBOX-001,齿轮传动箱,1176,7.22,94.76,87.01,379.97,1191.7,0.2572,严重退化,fault,齿轮点蚀+润滑不足
2026-01-09T13:00:00,GEARBOX-001,齿轮传动箱,1182,7.431,92.59,86.88,378.0,1201.5,0.2772,严重退化,fault,齿轮点蚀+润滑不足
2026-01-09T14:00:00,GEARBOX-001,齿轮传动箱,1188,8.996,94.11,83.69,374.84,1191.2,0.2785,严重退化,fault,齿轮点蚀+润滑不足
2026-01-09T15:00:00,GEARBOX-001,齿轮传动箱,1194,10.153,93.18,85.02,381.91,1187.8,0.2541,严重退化,fault,齿轮点蚀+润滑不足
2026-01-09T16:00:00,GEARBOX-001,齿轮传动箱,1200,11.257,93.56,82.17,375.81,1185.2,0.2533,严重退化,fault,齿轮点蚀+润滑不足
2026-01-09T17:00:00,GEARBOX-001,齿轮传动箱,1206,10.378,94.12,82.95,363.95,1184.8,0.2464,严重退化,fault,齿轮点蚀+润滑不足
2026-01-09T18:00:00,GEARBOX-001,齿轮传动箱,1212,9.523,93.36,89.08,379.75,1192.0,0.2336,严重退化,fault,齿轮点蚀+润滑不足
2026-01-09T19:00:00,GEARBOX-001,齿轮传动箱,1218,7.661,92.73,81.18,375.5,1189.0,0.2387,严重退化,fault,齿轮点蚀+润滑不足
2026-01-09T20:00:00,GEARBOX-001,齿轮传动箱,1224,6.647,91.72,74.53,377.33,1194.7,0.2404,严重退化,fault,齿轮点蚀+润滑不足
2026-01-09T21:00:00,GEARBOX-001,齿轮传动箱,1230,8.327,92.19,73.32,376.59,1201.5,0.2198,严重退化,fault,齿轮点蚀+润滑不足
2026-01-09T22:00:00,GEARBOX-001,齿轮传动箱,1236,10.053,91.05,74.2,368.51,1197.7,0.2205,严重退化,fault,齿轮点蚀+润滑不足
2026-01-09T23:00:00,GEARBOX-001,齿轮传动箱,1242,11.171,91.13,77.03,374.49,1195.2,0.2101,严重退化,fault,齿轮点蚀+润滑不足
2026-01-10T00:00:00,GEARBOX-001,齿轮传动箱,1248,10.723,90.02,79.02,373.13,1188.2,0.2124,严重退化,fault,齿轮点蚀+润滑不足
2026-01-10T01:00:00,GEARBOX-001,齿轮传动箱,1254,9.278,90.93,80.94,374.62,1198.7,0.2126,严重退化,fault,齿轮点蚀+润滑不足
2026-01-10T02:00:00,GEARBOX-001,齿轮传动箱,1260,8.91,90.48,83.58,376.75,1190.5,0.1975,临故障,fault,齿轮点蚀+润滑不足
2026-01-10T03:00:00,GEARBOX-001,齿轮传动箱,1266,7.116,91.62,80.79,369.5,1187.0,0.1778,临故障,fault,齿轮点蚀+润滑不足
2026-01-10T04:00:00,GEARBOX-001,齿轮传动箱,1272,9.48,93.7,85.62,372.83,1184.2,0.1611,临故障,fault,齿轮点蚀+润滑不足
2026-01-10T05:00:00,GEARBOX-001,齿轮传动箱,1278,11.77,94.76,86.68,371.23,1190.4,0.1681,临故障,fault,齿轮点蚀+润滑不足
2026-01-10T06:00:00,GEARBOX-001,齿轮传动箱,1284,12.418,94.5,86.67,376.97,1184.7,0.1645,临故障,fault,齿轮点蚀+润滑不足
2026-01-10T07:00:00,GEARBOX-001,齿轮传动箱,1290,12.569,93.62,91.94,375.45,1194.6,0.1737,临故障,fault,齿轮点蚀+润滑不足
2026-01-10T08:00:00,GEARBOX-001,齿轮传动箱,1296,11.775,97.07,89.44,375.42,1192.5,0.1405,临故障,fault,齿轮点蚀+润滑不足
2026-01-10T09:00:00,GEARBOX-001,齿轮传动箱,1302,9.919,97.35,86.58,369.36,1196.4,0.1493,临故障,fault,齿轮点蚀+润滑不足
2026-01-10T10:00:00,GEARBOX-001,齿轮传动箱,1308,9.677,98.7,92.88,376.38,1182.9,0.1315,临故障,fault,齿轮点蚀+润滑不足
2026-01-10T11:00:00,GEARBOX-001,齿轮传动箱,1314,8.41,99.95,82.86,374.68,1186.5,0.1287,临故障,fault,齿轮点蚀+润滑不足
2026-01-10T12:00:00,GEARBOX-001,齿轮传动箱,1320,12.263,99.76,88.95,366.84,1172.5,0.128,临故障,fault,齿轮点蚀+润滑不足
2026-01-10T13:00:00,GEARBOX-001,齿轮传动箱,1326,13.848,101.5,86.64,370.92,1188.7,0.1134,临故障,fault,齿轮点蚀+润滑不足
2026-01-10T14:00:00,GEARBOX-001,齿轮传动箱,1332,13.192,101.2,84.56,377.02,1190.1,0.1119,临故障,fault,齿轮点蚀+润滑不足
2026-01-10T15:00:00,GEARBOX-001,齿轮传动箱,1338,12.331,101.89,82.48,381.09,1184.5,0.1053,临故障,fault,齿轮点蚀+润滑不足
2026-01-10T16:00:00,GEARBOX-001,齿轮传动箱,1344,9.604,100.58,74.45,369.15,1185.3,0.0995,临故障,fault,齿轮点蚀+润滑不足
2026-01-10T17:00:00,GEARBOX-001,齿轮传动箱,1350,8.254,98.97,80.36,373.04,1186.1,0.1088,临故障,fault,齿轮点蚀+润滑不足
2026-01-10T18:00:00,GEARBOX-001,齿轮传动箱,1356,9.011,100.47,78.73,377.19,1182.2,0.0932,临故障,fault,齿轮点蚀+润滑不足
2026-01-10T19:00:00,GEARBOX-001,齿轮传动箱,1362,9.981,99.43,76.87,371.05,1178.8,0.0949,临故障,fault,齿轮点蚀+润滑不足
2026-01-10T20:00:00,GEARBOX-001,齿轮传动箱,1368,11.804,98.49,78.38,372.04,1171.3,0.0816,临故障,fault,齿轮点蚀+润滑不足
2026-01-10T21:00:00,GEARBOX-001,齿轮传动箱,1374,13.82,98.75,77.7,377.78,1174.7,0.0732,临故障,fault,齿轮点蚀+润滑不足
2026-01-10T22:00:00,GEARBOX-001,齿轮传动箱,1380,12.294,98.34,77.01,377.18,1176.3,0.0628,临故障,fault,齿轮点蚀+润滑不足
2026-01-10T23:00:00,GEARBOX-001,齿轮传动箱,1386,10.766,98.25,74.68,375.95,1184.2,0.0561,临故障,fault,齿轮点蚀+润滑不足
2026-01-11T00:00:00,GEARBOX-001,齿轮传动箱,1392,10.138,98.62,77.26,370.24,1184.4,0.045,临故障,fault,齿轮点蚀+润滑不足
2026-01-11T01:00:00,GEARBOX-001,齿轮传动箱,1398,9.766,98.72,82.71,375.0,1189.4,0.0415,临故障,fault,齿轮点蚀+润滑不足
2026-01-11T02:00:00,GEARBOX-001,齿轮传动箱,1404,12.048,100.02,84.02,374.44,1183.7,0.0303,临故障,fault,齿轮点蚀+润滑不足
2026-01-11T03:00:00,GEARBOX-001,齿轮传动箱,1410,11.328,98.4,77.82,368.58,1189.3,0.0334,临故障,fault,齿轮点蚀+润滑不足
2026-01-11T04:00:00,GEARBOX-001,齿轮传动箱,1416,13.695,98.55,76.82,370.56,1170.1,0.0259,临故障,fault,齿轮点蚀+润滑不足
2026-01-11T05:00:00,GEARBOX-001,齿轮传动箱,1422,14.204,100.49,79.04,374.47,1174.2,0.026,临故障,fault,齿轮点蚀+润滑不足
2026-01-11T06:00:00,GEARBOX-001,齿轮传动箱,1428,11.505,101.07,76.68,375.45,1179.9,0.0106,临故障,fault,齿轮点蚀+润滑不足
2026-01-11T07:00:00,GEARBOX-001,齿轮传动箱,1434,11.164,102.22,81.09,369.14,1170.9,0.0034,临故障,fault,齿轮点蚀+润滑不足
2026-01-11T08:00:00,GEARBOX-001,齿轮传动箱,1440,10.332,103.11,75.04,374.69,1169.4,0.0,临故障,fault,齿轮点蚀+润滑不足
